not_titulo,link,not_texto,codigo,atualizacao
Vacancies for Computer Operator  (DBT Apex BTIC project),https://www.icgeb.org/vacancies-for-computer-operator-dbt-apex-btic-project/,"  Duty Station: New Delhi, IndiaClosing date:  17 February 2022 Project positions for two Computer Operators are available to work in a research project at DBT Apex BTIC at the International Centre for Genetic Engineering and Biotechnology (ICGEB), New Delhi.For details:-Download documentShare this:LinkedInTwitterFacebookPrint",icgeb_220211_02_000,220211
SRF/Project Associate Vacancy  (Tuberculosis Aerosol Challenge facility),https://www.icgeb.org/tacf-positions/,"  Duty Station: New Delhi, IndiaClosing date:  18 February 2022 Project positions are available to work in a research project at International Centre for Genetic Engineering and Biotechnology (ICGEB), New Delhi.For details:-Download documentShare this:LinkedInTwitterFacebookPrint",icgeb_220211_02_001,220211
"Group Leader Vacancy, ICGEB Trieste Component",https://www.icgeb.org/group-leader-icgeb-trieste-component/,"  Duty Station: Trieste, ItalyClosing date:  1 March 2022 The ICGEB invites applications for the post of Group Leader in Trieste, to develop a competitive research programme on question/s of molecular biology and/or biotechnology, in particular related to infectious diseases, antibiotic resistance and systems biology.Candidates should submit their full curriculum vitae and a statement of proposed research (maximum five pages), outlining the motivation for applying and the vision for their research in the ICGEB community and Member States to ICGEB HR & Personnel Unit, [email protected], quoting reference PU/TS/03-22. Additionally, candidates should submit the ICGEB’s Personal History Form, together with a cover letter outlining their motivation for application and full contact details of three referees. Application deadline: 1 March 2022Download documentShare this:LinkedInTwitterFacebookPrint",icgeb_220211_02_002,220211
Study of exhaled breath promises early diagnosis of TB,https://www.icgeb.org/study-of-exhaled-breath-promises-early-diagnosis-of-tb/," Mycobacterium tuberculosis is a pathogenic bacterial species in the family Mycobacteriaceae and the causative agent of most cases of tuberculosis Dr. Ranjan Nanda, Group Leader of the Translational Health lab, ICGEB New Delhi studies alternate, noninvasive methods of disease diagnosis. Earlier last year the work of his lab was cited in the feature cover article of Shaastra, a bimonthly magazine from IIT Madras showcasing achievements in science, technology and innovation in India and abroad.The Nanda Group, it reported, has reached a turning point in a decade-long quest to identify a set of chemicals in the breath to detect tuberculosis (TB). He has finally identified 10 chemicals capable of discriminating between active TB and non-TB subjects (who may have some other respiratory disease) with roughly 90% accuracy.In identifying a biomarker signature for TB in exhaled breath, his ultimate goal is a point-of-care breath test for TB that can be used in low-resource settings: “putting the science to work in a device that can even screen people at home”.Read the articleDr. Ranjan Nanda pictured in the lab at ICGEB New Delhi.Share this:LinkedInTwitterFacebookPrint",icgeb_220211_02_003,220211
From the Director-General,https://www.icgeb.org/from-the-director-general-6/,"  Reverting, with regret, to remote seasonal greetings, Lawrence Banks summed up the year and delivered his vision for the future to the ICGEB community in December 2021. “ICGEB as a collective has been doing an amazing job these last two years – and in my opinion is making a real difference in the world. This is particularly marked in our ability to host Fellows once more. This is one of our core missions – to provide education and training to young scientists from all over the world. However, to make this happen during the pandemic has required huge endeavour and commitment – and so I take this opportunity to extend a massive thank you and congratulations to everyone who has worked so tirelessly to make it possible to receive new Fellows in the time of a pandemic – this stretches to all three components and ranges from fundraising, issuing calls, screening applications, and subsequent help with travel, visas, accommodation, quarantine requirements and, ultimately, to induction and training in the labs.”“The Organisation”, he stated, “is making it possible for many young scientists facing desperately difficult times back home to be able to pursue science in ICGEB, which in turn provides them with the tools to make a difference in the future through their own endeavours”.“This indeed, forms the basis for this years’ ICGEB Christmas Campaign – where we are seeking donations to extend these activities and in particular to help more young scientists coming from Afghanistan, where we all know they are facing enormous challenges. So please do spread the word about our humanitarian and scientific efforts”.“Our watchword as we enter 2022 is to be able to use our science and resources to make the world a better place as we all hope for a brighter and happier 2022”.In the European Year of Youth we shall continue to honour younger generations through our actions, also by connecting ICGEB Alumni across the globe, supporting and encouraging all young people by promoting opportunities and drawing inspiration from them to nurture a brighter and more equitable future.In this context we thank all those, including our CSA Members, Alumni, and the members of the public who generously donate to support our initiatives. To receive our bimonthly newsletter, and/or see previous editions please link to: https://www.icgeb.org/resources/newsletter/Share this:LinkedInTwitterFacebookPrint",icgeb_220211_02_004,220211
Scientific team discovers new monoclonal antibody for heart therapy,https://www.icgeb.org/scientific-team-discovers-new-monoclonal-antibody-for-heart-therapy/," Section of Heart showing fibroblasts activated after cardiac damage. 
It: Sezione di cuore che mostra i fibroblasti attivati dopo un danno cardiaco 10 January 2022: a team headed by prof. Serena Zacchigna publishes the latest findings for heart therapy in Nature Communications. Cardiovascular disease is the leading cause of death worldwide, as well as the main source of health care costs. In Italy, over 20 billion euros a year are spent on the treatment of these diseases, and the numbers are set to grow.A new study published in Nature Communications has shown the efficacy of a new biological drug, a monoclonal antibody capable of blocking fibrosis and protecting the heart muscle after myocardial infarction.The study showed that this antibody has a beneficial effect by means of a double mechanism: on the one hand, it reduces the deposition of fibrous tissue which limits the heart’s pump function, and on the other, it promotes the survival of heart muscle cells.The study, led by Serena Zacchigna, head of the Cardiovascular Biology lab, ICGEB Trieste, and professor of Molecular Biology at the University of Trieste, represents a turning point in the sector of innovative cardiovascular therapies.“In contrast to the great social and healthcare pressure exerted by these diseases, the drugs we use to treat patients with heart disease are rather dated. New biological therapies” – explains Zacchigna – “are transforming oncological or hereditary disease treatments, while there are very few biological drugs for the treatment of cardiovascular disorders. The vast majority of therapies approved to date are small chemical molecules that generally have a single target, blocking the action of an enzyme or receptor, for example. By contrast, biological drugs (recombinant proteins, gene therapy products, and cell therapy) reproduce elements that normally exist in our tissues and therefore, have the potential to interfere with complex therapy mechanisms. However, they are more difficult to prepare and use, as well as being more expensive, making them complicated to translate from experimental studies to patients”.This study, which is the result of a long collaboration between the Trieste institutes (ICGEB and the University of Trieste) and the University of Zagreb, Croatia, reveals the fundamental role of a family of proteins, called Bone Morphogenetic Proteins (BMPs), in the evolution of cardiac fibrosis after an ischemic event.In the last phase of the project, a group of cardiac surgeons from Innsbruck joined the Trieste-Zagreb axis and contributed their experiences and skills to the mechanisms underlying ischemic damage and the development of innovative therapies, to validate the results of this study in other contexts of ischemia and fibrosis and to pave the road towards a possible clinical application of these results. This was made possible by the INCardio project – Innovative Therapies for Cardiovascular Disorders, led by ICGEB and financed by the European Regional Development Fund and by Interreg V-A Italy-Austria 2014-2020.“We are confident that this work will open the door to other biological drugs in the cardiovascular sector” concludes Zacchigna, “as we need cooperation and collaboration among different skills to ensure that the study results can reach patients and that this can also be applied in Italy”.Further reading:Link to Paper: Bone morphogenetic protein 1.3 inhibition decreases scar formation and supports cardiomyocyte survival after myocardial infarctionPress releaseA photo of the Cardiovascular Biology Group – in the shape of a heart – at ICGEB TriesteShare this:LinkedInTwitterFacebookPrint",icgeb_220211_02_005,220211
A novel compound for curing lung fibrosis,https://www.icgeb.org/a-novel-compound-for-curing-lung-fibrosis/,"  In January, ICGEB Cardiovascular Biology lab Group Leader Serena Zacchigna presents the study which has produced a new compound contributing to the reversal of lung fibrosis. In a recent Rai radio broadcast, Serena Zacchigna discussed the translational study published in Open Access in December 2021 in the Journal Cell Death and Disease – Nature. The result of an Interreg project launched in 2017, the study involved a collaboration between Dr. Zacchigna’s lab and a team of Slovenian scientists which started with virtual screenings aimed at identifying new drugs capable of blocking fibrosis.Serena Zacchigna is head of the Cardiovascular Biology lab at ICGEBProf. Zacchigna explains: “The ICGEB in Trieste has a ‘high-throughput screening’ facility where automated robotic systems allow us to examine the activity of thousands of molecules (from genes to medicines)”.“In this study, we performed a real screening in which we examined the activity of all the FDA- and EMA-approved drugs for their capacity to block the action of myofibroblasts, which are at the basis of fibrosis. With the help of pharmacologists, we synthetised a molecule that met all the necessary pharmacological criteria, which we named TS1 (after the city of Trieste). This molecule is the most efficient among those examined, and we validated it in pre-clinical models for lung fibrosis.”“The next step will be to improve the profile and usability of the compound – for example, to evaluate whether it can be administered as aerosol so that it may reach the lungs, and not the other organs. We also wish to see whether we can build other compounds to be used on other tissues (for example, to cure cardiac or liver fibrosis)”, Concludes Prof. Zacchigna.Link to article:Ring., N.A.R., et al, 2022. Wet-dry-wet drug screen leads to the synthesis of TS1, a novel compound reversing lung fibrosis through inhibition of myofibroblast differentiation. Cell Death & Disease, 13Share this:LinkedInTwitterFacebookPrint",icgeb_220211_02_006,220211
WE-STAR Fellowship Programme – call open,https://www.icgeb.org/we-star-fellowship-programme-call-open/,"  The Italian Ministry of Foreign Affairs and International Cooperation and ICGEB partner to offer mobility fellowships to early-career women scientists from Africa. The Italian Ministry of Foreign Affairs and International Cooperation (MAECI) and the International Centre for Genetic Engineering and Biotechnology (ICGEB) have partnered to offer early-career women scientists from the African Continent mobility fellowships of 6 to 12 months at the ICGEB laboratories in Trieste (Italy), New Delhi (India) and Cape Town (South Africa), to perform research work on biotechnology and related fields, including Health (Infectious Diseases and Non-Communicable Diseases), Sustainable and Effective Agriculture, Industrial Biotechnology and Renewable Energy. The PhD and Postdoctoral mobility scheme for WomEn ScienTists in AfRica (WE-STAR) call is open for applications until 28 January 2022, and will offer fellows:a monthly stipend, bench fee, health insurance, coverage of visa and travel coststhe possibility to apply the latest techniques and methodologies to the chosen research topicopportunities for mentoring, peer-to-peer learning and complementary skillsimmersion in a top-class international scientific environment.Eligible applicants are women scientists who are nationals of ICGEB Member States in the African Continent, who are currently enrolled in a PhD course or have already obtained their PhD, with an excellent working knowledge of English. While applications are welcome without an upper age limit, preference will be given to early-career applicants (under 45).Further information, guidelines and applicationShare this:LinkedInTwitterFacebookPrint",icgeb_220211_02_007,220211
Postdoctoral position Molecular Medicine,https://www.icgeb.org/postdoctoral-position-molecular-medicine/,"  Duty Station: Molecular Medicine lab, Trieste, ItalyClosing date: when position filled A 3-year position for a talented and ambitious postdoc for a project aimed to generate iPS cells from patients with inherited cardiomyopathies, and to study the cellular, molecular and structural effect of the investigated mutations.The position is funded through a collaborative programme between the Molecular Medicine Laboratory of ICGEB (Prof. Mauro Giacca) and the SC Cardiologia of ASUGI-University of Trieste (Prof. Gianfranco Sinagra). The postholder will be part of a multi-disciplinary research team of clinical and experimental investigators, who have over 20 years-experience in the field of molecular studies in cardiology.Skill, knowledge and experience PhD or equivalent degree in Medicine, Biophysics, Biological Science or other related fields. Previous research experience in molecular and cellular biology. Experience in the generation of iPS cells, electrophysiology, work in animal models of cardiac disease an asset. Candidates should send their CV together with a cover letter and contact details to [email protected] and [email protected] Download vacancy noticeShare this:LinkedInTwitterFacebookPrint",icgeb_220211_02_008,220211
Contribute to support scientists from Afghanistan,https://www.icgeb.org/supporting-scientists-from-afghanistan/," ICGEB promotes science for development: using our science and resources to make the world a better place ICGEB is awarding Fellowship grants to Scientists from Afghanistan, to support the basic human right to education, discovery, and improving lives through scientific endeavour. Promoting human rights, leaving no one behind: equality and non-discrimination are at the heart of sustainable development.On the occasion of Human Rights Day, 10 December 2021, ICGEB launched a campaign to raise funds for Fellowship awards for scientists from the Least Developed Countries. ICGEB laboratories are making it possible for science to continue in Afghanistan through the support provided to Afghan scientists, to increase their knowledge and extend their scientific networks, to foster international collaborations and publication in international scientific journals; building capacity for when it becomes possible for scientists in exile to repatriate.The current political regime in Afghanistan has meant that the vibrant and promising scientific activity in the country has been brought to a complete halt.“When the Taliban swept to power in August, western countries’ troops left, their financial and technical support stopped, and the world governments cut off Afghanistan’s access to international funding. In this incredible crisis, more than 90% of Afghan women and men are facing starvation and nearly the entire population is on the brink of extreme poverty. To my community, it feels like one of the greatest, recent humanitarian and economic crises.Hassan, ICGEB PhD Fellow, currently working at ICGEB Trieste, Italy“The Hazara community, to which I belong, is one of the minorities in Afghanistan who were vulnerable, threatened, and brutally oppressed by the Taliban before the previous hard-line regime was toppled by the US-led invasion in 2001. At the moment, Hazara scholars, artists, journalists, and other educated citizens are again targeted by the Islamic state terrorist groups and other Muslim militant groups. The public universities and girls’ high schools have been closed by the Taliban, who do not allow female employees to work or female students to go to universities and schools. Public financial services have ceased, and workers have stopped receiving their salaries, which is adding to the pressure on the country’s banking system.”“The opportunity to undertake a Fellowship at ICGEB in Trieste, Italy has meant that I am currently safe from persecution and that I can provide subsistence to my family of nine, who are currently in hiding, as internal refugees in Afghanistan.”To contribute to our efforts and to provide educational opportunities to scientists from Afghanistan in ICGEB labs in Trieste, New Delhi and Cape Town:DONATE HEREArticle 27 of the UN Declaration of Human Rights states that:“Everyone has the right freely to participate in the cultural life of the community, to enjoy the arts and to share in scientific advancement and its benefits.”“Everyone has the right to the protection of the moral and material interests resulting from any scientific, literary or artistic production of which he is the author.”Share this:LinkedInTwitterFacebookPrint",icgeb_220211_02_009,220211
ICGEB signs Operational Agreement with Government of South Africa,https://www.icgeb.org/icgeb-signs-operational-agreement-with-government-of-south-africa/," Director General of the Department of Science and Technology of the Government of South Africa, Dr Phil Mjwara, signed the operational agreement with ICGEB in Pretoria, SA Pretoria, 1 December 2021: The Director General of the South African Department of Science and Technology DSI, Dr. Phil Mjwara, and ICGEB Director-General, Dr. Lawrence Banks, have signed the Operational Agreement to support the implementation of ICGEB Cape Town activities. The Operational Agreement will support ICGEB Cape Town in implementing the activities charted in its 2021-2025 work programme. The hybrid signing ceremony took place in Pretoria on the first day of Science Forum South Africa 2021, with Dr. Banks participating online from Trieste, Italy.The programme comprises strategic objectives and targets, promotion of established, and future research activities at the Cape Town Component of ICGEB, as well as a strategy for visibility on the African continent.Dr. Mjwara stated: “We are pleased to be signing this Agreement with the ICGEB. We look forward to strengthening this wonderful partnership.”Dr Lawrence Banks, ICGEB Director-General, signed the operational agreement online from Trieste, ItalyDr. Banks extended his thanks to the Government of South Africa for their commitment and support for ICGEB since the establishment of its Cape Town component. “ICGEB is a proud partner of South Africa, and through the Cape Town Component, we will continue to work closely with DSI in strengthening our footprint, our activities, and visibility in the country and on the Continent.”Signing of the operational agreement, SFSA, 1 December 2021Share this:LinkedInTwitterFacebookPrint",icgeb_220211_02_010,220211
LaserNET Project Final Conference in Trieste,https://www.icgeb.org/lasernet-project-final-conference-in-trieste/," Speakers and Partners at the final LaserNET conference in Trieste, Italy The LaserNET ICGEB project, funded by the FVG Region and headed by Cardiovascular Biology Group Leader, Serena Zacchigna, has been concluded with the final conference in Trieste November 26, 2021The Final Conference of the project “LaserNET – Supporting laser therapy as treatment of oral mucositis/stomatitis/dermatitis in the oncological patient in Serbia” was held in hybrid mode in Trieste, Italy at the Aula Magna of Cattinara Hospital. Clinicians and researchers from Italy and Serbia gathered to present and discuss the results of a 4-year collaboration led by ICGEB Trieste and co-funded by the Autonomous Italian Region Friuli Venezia Giulia.The event was opened bySerena Zacchigna, Group Leader of the ICGEB Cardiovascular Biology lab and Professor at the University of Trieste, who gave an overview of the project aims and concrete achievements:three laser devices have been donated to Serbian hospitals as part of an R&D agreement between the ICGEB, the University of Trieste and Eltech K-Laser, a leading company in the laser industrial sector;medical doctors and healthcare personnel have been trained on the use of laser technology and its underlying biological mechanisms;there has been broad exchange of ethical opinions, clinical protocols, and regulatory documents among the partners.Lawrence Banks, ICGEB Director-General, expressed his appreciation for the impact of the project, which made new supportive care therapy available for oncological patients in Serbia. He also thanked the FVG Region for their continuous support. Danijela Urošević brought the greetings of the Serbian Ministry of Health and confirmed the importance of working on major pathologies even in the midst of the COVID-19 pandemic. The representative of the FVG Region, Francesca Spirito, recalled the relevance of Regional Law 19/2000 which promotes international cooperation initiatives such as this, with particular attention to the Western Balkans; she also underlined the peculiarity of the LaserNET project, which combined R&I in the health sector with professional training and science diplomacy.The keynote speakers, Noam Yarom, University of Tel Aviv, and Elisabetta Merigo, University of Nice Sophia Antipolis, presented the most recent advancements in the understanding of the pathology responsible for the development of oral mucositis during intense radio- and chemo-therapy regimens, and in emerging oral care therapies for these patients, also focusing on cost-effectiveness.Finally, doctors and nurses from the University of Trieste (Giulia Ottaviani), the Institute of Oncology and Radiology of Serbia (Nataša Jovanovic-Korda, Julija Jovanović), the University Children’s Hospital in Belgrade (Jelena Lazić, Magdalena Radenović, Dragana Jakšić), and the Burlo Garofolo Pediatric Hospital in Trieste (Federico Verzegnassi), shared their experience in the use of laser technology for the treatment of both adult and paediatric patients. They all pointed out the efficacy and advantages of affordable and easy-to-use portable laser devices.The Partners’ joint intention is to keep this fruitful international conversation going, with the aim of merging results in joint publications and making the current protocols for laser therapy increasingly uniform across hospitals and countries.LaserNET final conference at Trieste’s Cattinara Hospital,November 26, 2021Related articles in Italian and English:January 30, 2018: Avviato Progetto LaserNET – laser terapia come trattamento nel paziente oncologicoMarch 27, 2018: Parter LaserNET Serbi in visita all’ICGEB di TriesteNovember 15, 2019: LaserNET Project – First patients treated with laser therapy in Serbian hospitalsShare this:LinkedInTwitterFacebookPrint",icgeb_220211_02_011,220211
