pol_titulo,pol_instituicao,pol_texto,link,codigo,atualizacao
The Convention on Wetlands and its mission,ramsar,"The Convention’s mission is “the conservation and wise use of all wetlands through local and national actions and international cooperation, as a contribution towards achieving sustainable development throughout the world”.Wetlands are among the most diverse and productive ecosystems. They provide essential services and supply all our fresh water. However they continue to be degraded and converted to other uses. The Convention uses a broad definition of wetlands. It includes all lakes and rivers, underground aquifers, swamps and marshes, wet grasslands, peatlands, oases, estuaries, deltas and tidal flats, mangroves and other coastal areas, coral reefs, and all human-made sites such as fish ponds, rice paddies, reservoirs and salt pans.Under the “three pillars” of the Convention, the Contracting Parties commit to:work towards the wise use of all their wetlands;designate suitable wetlands for the list of Wetlands of International Importance (the “Ramsar List”) and ensure their effective management;cooperate internationally on transboundary wetlands, shared wetland systems and shared species.The present text of the Convention, as amended in 1982 and 1987, can be found here.The Strategic Plan for 2016-2024The Contracting Parties approved the Fourth Strategic Plan for 2016-2024 at COP12. You can download posters summarizing the Plan and showing how it contributes to the Sustainable Development Goals here.",https://www.ramsar.org/about/the-convention-on-wetlands-and-its-mission,ramsar_220211_3_000,220211
The Bodies of the Convention,ramsar,"The Contracting Parties implement the Convention on Wetlands in their territories and collaborate on shared projects. The government agency responsible for its national application is known as the country’s Administrative Authority. This agency appoints a National Focal Point to coordinate national implementation and act as the daily contact point. Every three years the Parties meet at the Conference of the Contracting Parties (the COP), where they adopt decisions to administer the Convention and guide its implementation. Between the COPs, the Parties are represented by the Standing Committee, which meets yearly. The Standing Committee is guided by the framework of the decisions made by the COP.Two advisory bodies develop technical guidance to help the Standing Committee and the COP formulate policies: the Scientific and Technical Review Panel (the STRP) and the Communication, Education, Participation and Awareness (CEPA) Oversight Panel. They are all supported by the Secretariat of the Convention on Wetlands and the International Organization Partners (IOPs) which the Parties have formally recognized as official partners of the Convention.The scope and focus of the Convention’s work is coordinated by means of a Strategic Plan and associated work plans which set out priority objectives and the actions expected or requested of the various bodies of the Convention.",https://www.ramsar.org/about/the-bodies-of-the-convention,ramsar_220211_3_001,220211
Transparency,ramsar,"The International Union for Conservation of Nature (IUCN) provides administrative services to the Convention on Wetlands. The Convention Secretariat follows IUCN procedures and policies as applicable.The most recent reports of the auditors on the annual financial statements are listed below, as well as reports by the Secretary General to the Standing Committee summarizing the activities of the Secretariat during the same years.",https://www.ramsar.org/about/transparency,ramsar_220211_3_002,220211
Resource Mobilization,ramsar,"The availability of adequate and predictable funding is essential for the effective implementation of the Convention and its mission to conserve wetlands and reverse their loss and degradation.The Secretariat works actively with Contracting Parties, the private sector, foundations and multi-lateral funds to mobilize financial resources to support national and regional activities that promote the conservation, wise use and restoration of wetlands.The resource mobilization activities of the Secretariat are guided by a list of fundraising priorities as established and approved by the Contracting Parties of the Convention.",https://www.ramsar.org/about/resource-mobilization,ramsar_220211_3_003,220211
Partnerships,ramsar,"The Convention works with a diverse global network of partners to meet its objectives. They range from other global Conventions and agencies, to international and national non-governmental organizations and prominent private companies.The Convention's Strategic Plan 2016-2024 acknowledges the importance of partnerships in enhancing the implementation of the Convention. Paragraph 42 reads: “The wise use of wetlands and their resources will ultimately involve a range of actors well beyond those responsible for the management and maintenance of Wetlands of International Importance and other wetlands. This holds at local, national, regional and global levels where existing partnerships […] should be strengthened and new partnerships with civil society and the business sector forged […].”The Contracting Parties at COP12 confirmed their commitment to collaboration through Resolution XII.7. They recognized the need for focused fundraising activities to support the implementation of the Strategic Plan, and encouraged Parties to “enter into north-south, south-south and triangular cooperation”.The Convention on Wetlands is one of many multilateral environmental agreements. It works closely with other relevant global treaties, including the six other global biodiversity-related Conventions, with regional biodiversity agreements and with other relevant Conventions such as the United Nations Convention to Combat Desertification (UNCCD).The Convention has many agreements with non-governmental bodies, foremost among them six which have been formally approved by the Contracting Parties as International Organization Partners.The Convention also benefits from implementation support from private companies, in particular the Danone Group including the Evian brand.Contracting Parties can collaborate through Ramsar Regional Initiatives which support regional cooperation between a wide range of stakeholders.",https://www.ramsar.org/about/partnerships,ramsar_220211_3_004,220211
