not_titulo,link,not_texto,codigo,atualizacao
Royal Society response to Levelling Up White Paper,https://royalsociety.funnelback.co.uk/s/redirect?collection=website-meta&url=https%3A%2F%2Froyalsociety.org%2Fnews%2F2022%2F02%2Flevelling-up-white-paper-response%2F&auth=oXTme3%2B8HODNCOtIRNF3RA&profile=_default&rank=1&query=%21nullquery,"

""Levelling up requires high quality jobs and the people with the skills to fill those jobs. The focus on these issues in today's white paper is welcome but the words are easy to say, it is the delivery that the government will be judged by.
""Investment in research and innovation is key to long term economic growth and the UK has outstanding universities, research institutes and innovative businesses all over the country. As regional anchors, they have a clear role to play in driving productivity and skills and improving people's lives and opportunities. Today's white paper recognises this and that is welcome, but the investment needs to be new and not just a repackaging of old money. We also cannot afford to 'rob Peter to pay Paul' by investing in some localities at the expense of world leading research in already hugely successful research clusters.
""The Levelling Up White Paper rightly identifies education as a priority but investing more money in a system that is not fit for purpose, will not fix our problems. Our current education system is too narrow and is not giving enough young people, especially those from more disadvantaged communities, the skills they need for today's workplace.""
Adrian Smith, President of the Royal Society

",royal_220211_02_000,220211
Royal Society cautions against censorship of scientific misinformation online,https://royalsociety.funnelback.co.uk/s/redirect?collection=website-meta&url=https%3A%2F%2Froyalsociety.org%2Fnews%2F2022%2F01%2Fscientific-misinformation-report%2F&auth=0YSSKbyiCJboPuZO9A%2Bgkg&profile=_default&rank=2&query=%21nullquery,"

Governments and social media platforms should not rely on content removal for combatting harmful scientific misinformation online, a report by the Royal Society, the UK’s national academy of science, has said.
The Online Information Environment report also warns that the UK Government’s upcoming Online Safety Bill focuses on harms to individuals while failing to recognise the wider ‘societal harms’ that misinformation can cause. Misinformation about scientific issues, from vaccine safety to climate change, can cause harm to individuals and society at large. 
The report says there is little evidence that calls for major platforms to remove offending content will limit scientific misinformation’s harms and warns such measures could even drive it to harder-to-address corners of the internet and exacerbate feelings of distrust in authorities.
It recommends wide-ranging measures that governments, tech platforms and academic institutions can take to build resilience to misinformation and a healthy online information environment.
Professor Frank Kelly FRS, Professor of the Mathematics of Systems at the Statistical Laboratory, University of Cambridge, and Chair of the report said, ""Science stands on the edge of error and the nature of the scientific endeavour at the frontiers means there is always uncertainty.
""In the early days of the pandemic, science was too often painted as absolute and somehow not to be trusted when it corrects itself, but that prodding and testing of received wisdom is integral to the advancement of science, and society.
""This is important to bear in mind when we are looking to limit scientific misinformation’s harms to society. Clamping down on claims outside the consensus may seem desirable, but it can hamper the scientific process and force genuinely malicious content underground.""
The report defines scientific ""misinformation"" as content which is presented as fact but counter to, or refuted by, the scientific consensus - and includes concepts such as ‘disinformation’ which relates to the deliberate sharing of misinformation content. 
While the internet has led to a proliferation of misinformation, its impact on public understanding to date is less clear. 
The vast majority of British respondents to a YouGov poll, commissioned for the report, agreed that COVID-19 vaccines are safe and that human activity is changing the climate - around one in 20 disputed the scientific position. 
This group who dispute the science, although small, can be influential. They also express a range of motivations for sharing misinformation, from altruistic concerns to profit or political motivations, and are unlikely to be addressed by any single intervention. 
Instead, the report recommends a range of measures for policy makers, online platforms and others to understand and limit misinformation’s harms, including:

Supporting media plurality and independent fact-checking – A robust, diverse, independent news media benefits science and public understanding. Policies which threaten its sustainability, including algorithms that determine outlets’ trustworthiness or position in social media feeds, should be carefully scrutinised.  Long-term sustainable funding is also needed to support independent fact-checking organisations that play a vital role in a healthy online information environment. 
Monitoring and mitigating evolving sources of scientific misinformation online – Interventions to stop harmful disinformation spreading on private forums or direct messaging services without breaching encryption could include sharing limits or technologies that help users verify the validity of messages or images; monitoring ""fringe"" social media platforms, which are not currently a focus in the UK’s draft Online Safety Bill.
Investing in lifelong information literacy – Education on digital literacy should not be limited to schools and colleges. Older adults are more likely to be targeted by, and be susceptible to, online misinformation. 

Professor Gina Neff, Professor of Technology & Society at the Oxford Internet Institute, and Executive Director at the Minderoo Centre for Technology and Democracy, University of Cambridge, and a member of the report’s working group said, ""Scientific misinformation doesn’t just affect individuals, it can harm society and even future generations if allowed to spread unchecked.
""Our polling showed that people have complex reasons for sharing misinformation, and we won’t change this by giving them more facts.
""We need new strategies to ensure high quality information can compete in the online attention economy. This means investing in lifelong information literacy programmes, provenance enhancing technologies, and mechanisms for data sharing between platforms and researchers.""
Dr Vint Cerf ForMemRS, Vice President and Chief Internet Evangelist at Google and a member of the report’s working group said, “Technology plays a big role in shaping our information environment and, as this report makes clear, it has a part to play in tackling scientific misinformation as well.
""Many technology platforms already use tools like demonetisation, regulating the use of recommendation algorithms and fact-check labels to reduce the harms of scientific misinformation without censoring debate.
""Misinformation is a complex problem. Technology, governments, science institutions, educators and the public all have a part to play in assuring the quality of scientific information that underpins so much of our day-to-day lives.""

",royal_220211_02_001,220211
Third International Summit on Human Genome Editing postponed to 2023,https://royalsociety.funnelback.co.uk/s/redirect?collection=website-meta&url=https%3A%2F%2Froyalsociety.org%2Fnews%2F2022%2F01%2FHGE-Summit-postponement-announcement%2F&auth=zxjKPq2dCklz3VZYNrOJ9w&profile=_default&rank=3&query=%21nullquery,"

Chair of the Planning Committee for the Third International Summit on Human Genome Editing, Professor Robin Lovell-Badge, said:

“It is with great disappointment that the Planning Committee for the Third International Summit on Human Genome Editing, due to be held in London on 7-9 March this year, has decided to postpone the meeting to 6-8 March 2023.

“These Summits are an opportunity for members of our rapidly evolving field to come together and have a globally relevant discussion on the latest developments in somatic and germline genome editing.

“The Committee is dedicated to ensuring a range of expertise and international perspectives can participate.

“With the current uncertainty around international travel restrictions, and the ongoing pressure the pandemic is placing on health services and many in our communities, the Committee decided that either a sufficiently in-person or an entirely online meeting that fulfilled the aims of the Summit was unlikely to be possible.

“We will, however, use the original meeting window to host a number of small, themed online discussions on priority areas that will inform the Summit agenda for 2023.”

",royal_220211_02_002,220211
"UK-wide Royal Society scheme offers £3,500 grants to museums to celebrate local science stories",https://royalsociety.funnelback.co.uk/s/redirect?collection=website-meta&url=https%3A%2F%2Froyalsociety.org%2Fnews%2F2022%2F01%2Fplaces-of-science-opens%2F&auth=MXyVmbrb4w%2FNwMKtwZu%2Bmw&profile=_default&rank=4&query=%21nullquery,"

From the Outer Hebrides to Cornwall, small museums across the UK are being called upon to apply for the Royal Society’s Places of Science grant. The scheme, opening on 10 January 2022, provides up to £3,500 to UK museums to fund projects that engage and inspire communities with local science stories.
The pandemic caused the museums and heritage sector to face extraordinary challenges – and this award aims to play a part in the sector’s recovery, while also supporting the increased interest in science across society. 
The Places of Science initiative encourages museums to think creatively about the science in their collections and their local area, and to present science in new, creative ways that will be valued by local communities.
Professor Jonathan Ashmore FMedSci FRS, Chair of the Places of Science panel, and Professor of Biophysics said: ""There is a rich and diverse scientific landscape in the UK and this scheme celebrates the local museums that uncover and tell the stories of some of the most wonderful ideas in science and the people and places behind them. I would like to encourage museums to apply for this grant and use it to explore the inspiring science stories embedded in their collections and their communities.""
Lynsey Andersen, former Learning and Access Officer at the Andrew Carnegie Birthplace Museum, and Places of Science panel member said: ""Being part of the Places of Science scheme was a fantastic opportunity for the Andrew Carnegie Birthplace Museum. We were able to explore and share some of our fascinating science stories in ways we hadn't done before which engaged new audiences with our work. The support from the Royal Society was invaluable in building staff confidence in science engagement and raising the profile of our small museum.""
Sharon Heal, director of the Museums Association, and Places of Science panel member said: ""It’s been a tough year for museums – the COVID-19 pandemic has had a huge impact on visitor numbers and funding. Despite this, museums have worked extremely hard to keep connected to their communities and provided opportunities for people to come to terms with some of the momentous changes that have impacted us all. 
""The pandemic has made us all think about the role that science and scientists play in our lives and this award is a fantastic opportunity for museums to celebrate innovation and present science in new and interesting ways.""
Applications for the 2022 scheme open on 10 January and close on 16 February 2022. Museums can register expressions of interest in the scheme on the Royal Society website now – royalsociety.org/places-of-science.
To be eligible, museums must have full or provisional museums accreditation, and fewer than 65,000 visitors, or a turnover of less than £200,000 a year.
Two previous rounds of the scheme have supported events and exhibitions at 27 museums across the country, reaching over 40,000 people. 
In 2018 the Taigh Chearsabhagh Museum, Lochmaddy gave local children the opportunity to explore the marram grass dunes of Scotland, and budding entomology enthusiasts helped to identify a previously unclassified collection of over 1,000 insect specimens at the Littlehampton Museum, Littlehampton. 

",royal_220211_02_003,220211
Tribute to Richard Leakey FRS,https://royalsociety.funnelback.co.uk/s/redirect?collection=website-meta&url=https%3A%2F%2Froyalsociety.org%2Fnews%2F2022%2F01%2Ftribute-to-richard-leakey-frs%2F&auth=MJLcL%2FHQe7Tae%2FudZOn%2BHw&profile=_default&rank=5&query=%21nullquery,"

Responding to the death of Dr Richard Leakey FRS, President of the Royal Society, Sir Adrian Smith, said: 
""I am deeply sorry to hear of the death of Richard Leakey, a Fellow of the Royal Society whose expeditions and research helped to shape palaeoanthropology and our understanding of human evolution. His development and exploration of sites around Lake Turkana produced a number of important stone age discoveries, most significantly 'Turkana boy' – one of the most complete skeletons of Homo erectus youth ever uncovered. 
""As head of the National Museum of Kenya he helped educate generations on his country's rich fossil, cultural and natural history. In the fight against poaching, he brought all his experience and authority to the leadership of the Kenya Wildlife Service and anticorruption and conservation measures to protect Africa's elephant and rhino populations. Personal challenges, including the loss of his legs in an air crash in 1993, did not diminish his political work, or research – which most recently focused on the effects that climate change is having on wildlife. 
""On behalf of the Fellowship of the Royal Society, I offer my condolences to his family and friends.""

",royal_220211_02_004,220211
UK Academies express concern over treatment of Mexican scientists,https://royalsociety.funnelback.co.uk/s/redirect?collection=website-meta&url=https%3A%2F%2Froyalsociety.org%2Fnews%2F2021%2F12%2Fuk-academies-express-concern-over-treatment-of-mexican-scientists%2F&auth=iXjf%2BOy8s0ny%2FHUUDT5OSA&profile=_default&rank=6&query=%21nullquery,"

On 3 December, the Royal Society joined the Academy of Medical Sciences, the British Academy, the Learned Society of Wales, and the Royal Society of Edinburgh in expressing their concern regarding the treatment of 31 Mexican scientists and scientific administrators who have been accused of serious financial crimes, and urging that any further investigatory action in connection with the alleged activities of these individuals follows due process and is in accord with Mexico’s commitments under international human rights law.
Their call, made in a joint letter to President Obrador, follows reports of repeated attempts to arrest and detain these individuals without sufficient evidence.
The case has sparked concern among the international science community, with several national science academies and over 100 individual researchers from around the world speaking out about the treatment of the scientists.

",royal_220211_02_005,220211
"COVID-19 research freely accessible, but research data sharing and preprinting are low",https://royalsociety.funnelback.co.uk/s/redirect?collection=website-meta&url=https%3A%2F%2Froyalsociety.org%2Fnews%2F2021%2F12%2Fcovid-data-sharing%2F&auth=4k0hJXSROdvF4AOY85pkoQ&profile=_default&rank=7&query=%21nullquery,"

Levels of COVID-19 research data sharing have remained low during the pandemic, and preprinting of research on the virus has been lesser than hoped. This is according to a new report that examines the effectiveness of initiatives taken by players in the research ecosystem to promote sharing of COVID-19 research by stepping up open science approaches.
While the efforts of scientific publishers and the research community have sped up publication times for COVID-19 research, and made much of it freely accessible, more effort is needed if society is to truly benefit from open science, the Scholarly Communication in Times of Crisis: The response of the scholarly communication system to the COVID-19 pandemic report says.
The sharing of the SARS-CoV-2 genome is seen as the poster child for open science, and the pandemic held up as a turning point for open science. Yet the report finds this has only partly been realised. It makes a series of key recommendations, three of which focus on opening up data, encouraging preprinting and strengthening collaboration across the scholarly communication ecosystem:

Only joint efforts will improve the availability and quality of research data sharing. Common data policy templates should be developed to require data sets and software to be posted to a trusted, FAIR-enabling repository, and to require formal citations to data sets and software.
Mandating preprinting and rewarding researchers who use preprints could shift the needle.  Publishers should include posting of preprints in their submission workflows and leaders should advocate for preprints.
Publishers and other scholarly communication organisations should intensify their joint efforts to improve the availability and quality of data and metadata on scholarly publishing, allowing for robust evidence-informed approaches to innovation in scholarly communication.

The report concludes that there is no magic bullet to improving scholarly communication. It is a joint responsibility that requires collaboration and coordinated action across stakeholders in the research system.
Early in 2020 a Wellcome-coordinated COVID-19 statement, signed by over 30 publishers, called for open or free access to all COVID-19 publications for the duration of the pandemic; for COVID-19 papers to be made available via preprint servers prior to journal publication; and data from COVID-19 research to be shared as early as possible.
A second initiative, launched by a group of publishers and related organisations, the COVID-19 Rapid Review Initiative, worked on implementing the commitments made in the Wellcome-coordinated COVID-19 statement and aimed to accelerate peer review of COVID-19 papers.
Scholarly Communication in Times of Crisis: The response of the scholarly communication system to the COVID-19 pandemic has been written by a team comprising researchers, publishers, and other scholarly communication experts, all associated with the COVID-19 Rapid Review Initiative. It presents the results of research undertaken by the team and reviews research conducted by others, with a view to identify opportunities for the scholarly communication stakeholders to effect change that will extend beyond the pandemic and have long-lasting benefits.
The authors also conclude that obtaining robust evidence on the response of the scholarly communication system to the COVID-19 pandemic is challenging. Relevant publishing data is often not available or is of limited quality. To enable robust evidence-informed approaches to innovation in scholarly communication, joint efforts to improve the availability and quality of this type of data are needed.

",royal_220211_02_006,220211
Recognising wider contributions to the scientific endeavour through Royal Society medals and awards,https://royalsociety.funnelback.co.uk/s/redirect?collection=website-meta&url=https%3A%2F%2Froyalsociety.org%2Fnews%2F2021%2F11%2Fnew-medals-and-awards%2F&auth=%2F1GFOoagXQJ2Ix%2FMJWIoOg&profile=_default&rank=8&query=%21nullquery,"

Two new awards celebrating the breadth of ways in which people contribute to science will join the Royal Society’s line-up of prestigious medals and awards.
Nominations open on 30 November for the Hauksbee Award, aimed at celebrating the outstanding achievements in science by someone whose work is mostly 'behind the scenes', and the Research Culture Award, recognising outstanding contributions to the wider research community.
Professor Richard Catlow FRS, outgoing Foreign Secretary of the Royal Society said: ""With the introduction of the Hauksbee Award and the Research Culture Award, the Royal Society has the fantastic opportunity to recognise the vital contributions to science and our research culture made by those who are not typically in the spotlight.
""Our research communities are built on the countless contributions of individuals who often go unnoticed and are shaped by those who seek to continually improve the culture and create a positive community in which science flourishes. These awards will highlight the importance of these contributions.
""In addition to these new awards, many medal and award nominations will now be open for both individuals and teams. This reflects the true nature of research and scientific achievements, where they are rarely the result of only one person’s efforts, and are instead driven by the hard work and creativity of many people working together.""
The Hauksbee Award recognises the achievements of an individual or team for outstanding and sustained work in the support of scientific excellence. The award is named after Francis Hauksbee who was Isaac Newton's laboratory assistant at the Royal Society. During his time as President, Newton appointed Hauksbee as curator and instrument maker, and Hauksbee later became a Fellow in his own right in 1705. 
The Research Culture Award recognises a wide variety of contributions to improving research culture - the behaviours, values, expectations, attitudes and norms of our research communities. Examples of people who will be recognised via this new award includes those who have supported others in their scientific careers; those who have made significant contributions to improving the culture, environment and working conditions for researchers; and those who produce technological innovations that enable a more open culture.

In addition to the new awards announced today, the Society is pursuing other avenues to broaden the nominations to its range of medals and awards. 
Part of this work includes establishing new search committees to help identify outstanding nominees from underrepresented groups, including those from industry and those from a wider spread of geographic areas, institutions and fields.
Professor Veronica van Heyningen FRS, Chair of the Royal Society Diversity Committee said: “Like other prize giving institutions, the Royal Society has identified broadening the nomination process as a key step to increasing representation across our recognition schemes. 
""These new search committees will go some way to identifying a fuller spectrum of talent across the scientific community and, together with the additional prizes, the Society will aim to recognise a more diverse range of contributions and contributors to science.""
The full list of awards open for nomination, and their eligibility criteria, is available here. Nominations for all Royal Society medals and awards, close on Friday 25 February 2022.

",royal_220211_02_007,220211
"Anniversary Day Address 2021 from President of the Royal Society, Adrian Smith",https://royalsociety.funnelback.co.uk/s/redirect?collection=website-meta&url=https%3A%2F%2Froyalsociety.org%2Fnews%2F2021%2F11%2Fanniversary-day-2021-president-speech%2F&auth=Ax9u%2B3Tt3o59lsFU%2FaNyiQ&profile=_default&rank=9&query=%21nullquery,"

First, let me say what a pleasure it is to be back to celebrating Anniversary Day here physically at Carlton House Terrace. It has been difficult to conduct my first year as your President largely by Zoom – so let us hope that the emerging worst fears about the new Covid variant prove unfounded. 
And let me take this opportunity to thank the Executive Director, my fellow Officers and all the staff at Carlton House Terrace for both their extraordinary efforts in keeping the Royal Society show on the road and for their support to me personally during my first year.
Let me begin by reviewing what I see as the general current context for science.
So far as science is concerned, we live in particularly interesting times. Within the UK, we have both government focus on science as the basis of future prosperity and higher than usual levels of public awareness and interest as a result of the pandemic. 
And this against the background of especially unsettled international tensions, with science increasingly a geopolitical force in the age of the knowledge economy, but perhaps with more emphasis on competition rather than collaboration – despite the global nature of the world’s most pressing challenges.
Science is more critical than ever in informing the decisions that affect our lives and the Executive Director has highlighted the impact that the Society’s work has had in the past year, working to ensure that debate about globally significant challenges is supported by the best possible science. The Society’s continuing work on Covid has been notable, but there is also significant work addressing longer term challenges like biodiversity, gene editing and the technological roadmap to net zero.
We will continue this vital role. For example:
We will be holding a Transforming our Futures conference in March, which will be looking at various aspects of the pandemic, including the basic science, vaccines, diagnostic logistics, treatment and recovery from long and acute Covid – as well as the opportunities opened up for the life sciences and how these can be taken forward for future preparedness.
The Society’s work undertaken on clarifying science-based solutions to climate issues ahead of CoP26 will continue and we will be working to embed those solutions in the remaining year of the UK’s presidency of CoP.  
In April, we will host an event which will bring together the Intergovernmental Panel on Climate Change Working Group Chairs, leading global scientists and UK policy and industry representatives. The aim will be to discuss the findings and implications of the IPCC’s Sixth Assessment Report and identify some of the actions – including a research agenda – required in response to the IPCC findings.
In June, the Society will take part in the US-UK Scientific Forum, jointly organised with the US Academy of Sciences. This will bring together around 50 scientists to develop recommendations on how different approaches to measuring and valuing biodiversity can stimulate action to reverse the trend in biodiversity decline.
These are important activities and collaborations. But more generally, our positioning of the UK as a science partner and our reputation as a trusted collaborator has not of course been helped by the fallout from Brexit and our government’s change of policy on ODA. 
We have now seen some signs of a change of heart on ODA, but I have to say the continuing tensions with the EU post-Brexit remain worrying for the future of scientific collaboration with European partners.
Let me enlarge on this. 
The science community has overwhelmingly been in favour of the UK seeking formal association with the new Horizon Europe programmes and therefore welcomed the announcement on Christmas eve that agreement on this had been reached. 
What I fear, however, is that many of us slipped into thinking that this announcement signalled a done deal. It did not – and as of today has not. The EU Commission is refusing to ratify the deal until outstanding political disagreements are resolved – in particular, the Northern Ireland protocol and French fishing rights. And the impasse does not just affect Horizon Europe association, but also UK participation in Euratom and Copernicus.
In a recent letter to Minister George Freeman, I made clear the Society’s view that the majority of the science community continue to want association. However, if the political impasse is to continue for many more months, there will be serious impact on funding decisions for both programmes and people and we will all therefore need to face up to the possibility that association simply may not happen. 
In the recent Spending Review, the government included the budget for association, around £15bn over 7 years, within its R&D spending profile and guaranteed that the funding will be ring-fenced in the event that association does not happen. 
This is significant and means in effect that, for the first time, the UK research community is presented with a choice between cost neutral alternatives. 
As a consequence of the delay to finalising association, I believe the government will need to engage with the research community to prepare for and manage different ‘Plan B’ scenarios, against the background of the government’s overarching commitment to raise public and private R&D investment in the UK to 2.4% of GDP by 2027, requiring a global outlook in attracting R&D talent and investment. 
We will, of course, ensure that the Society remains close to these emerging discussions.
Returning to the recent Spending Review outcome for R and D funding, the overall announcement was welcome against the current tough economic background but the devil will be in the detail of the roll out to specific investments and, as a Society, we must continue to press for the importance of investment in high-quality curiosity driven research as the ultimate driver of innovation and prosperity.
Reflecting on the balance sheet for science in the context of the pandemic, this, of course, has been a clear demonstration of the importance of sustained investment over a long period in curiosity driven research.
It has also brought home to the general public the importance of science and the Society’s own public engagement has built on this to reach new and larger audiences.
But on the negative side, many science funding charities suffered major income loss with knock on effects for both research programmes and early career researchers.
And we have also – and not only in the context of the pandemic and, for example vaccines – experienced a significant growth in misinformation and anti-scientific discourse, amplified by social media outlets and the internet. This is a serious problem that we will need to reflect on as a society – both with a lower and upper case S.
The success of the UK’s vaccination programme was built on decades of funding for research but it also required the right, timely expertise to get vaccines from the labs and into people’s arms.  Last week, Kate Bingham, who led the vaccines task force that so successfully delivered that expertise, said that a lack of scientific understanding among ministers and civil servants left the country woefully unprepared. She said it was only the intervention of Patrick Vallance that allowed the setting up of the task force outside the normal Whitehall structures and we know the outcome.
This has reignited debate about the need for more scientists and engineers in government. While I agree wholeheartedly that having more scientists in parliament and the civil service would benefit our decision making, it is mistake to see this as a zero sum game. You do not have to be a scientist to bring the skills we associate with the scientific process to policy making, or rather, you should not have to be. If we had a broader and more balanced education system that did not force people to abandon science, or other areas of knowledge, at sixteen, we could have a workforce equipped with a more rounded set of skills and perspectives. That would better prepare them for the workplace of tomorrow – whether that workplace is a factory floor, an office or in the corridors of Whitehall.
Let me now turn to the role of the Royal Society.
As I said earlier, we live in interesting times for science – one that is rich in opportunities but also presents risks.
Fixed points for me – and I’m sure all of us – are the fundamentals of the Society’s raison d’etre: to champion the very best science in the national and global context and to promote the benefits of science in the service of humanity.
The Royal Society has demonstrated extraordinary adaptability over the past three and a half centuries – I want us to reflect on how best to carry out our mission in the current global and national context.
First, let’s take stock of what we have going for us: 

we are a globally respected institution, which opens many doors for us – at home and abroad – as a trusted source of knowledge and advice on scientific evidence across a wide range of the policy spectrum; 
we have at our disposal many direct levers of influence that help shape the culture and practice of science – including grants, publishing and events;
we have power and influence as a convenor of activity and thought leadership in areas where we need to reach out beyond our immediate networks.

So what should be our strategic focus over the next five years?
I think there are four underpinning key themes:

First, a continuing central emphasis on our role as a champion of scientific excellence in all its forms;
Secondly, jealously guarding our independence as a voice for the science community;
Thirdly, a commitment to the inherently international nature of the scientific enterprise and our ability to respond agilely, quickly and effectively to emerging opportunities for collaboration and dialogue, whatever the general geopolitical climate;
And fourthly, cultivating partnerships – domestic and global – which complement and enhance our capacity for impact and influence.

Let me now turn to some of the specifics, which I see as falling into four broad headings: influencing, UK and global: research system and culture; science and society; corporate, governance and fellowship.
The Royal Society’s Science and the Law programme has shown how much influence we can have through Fellows’ networking with other constituencies and professions. I would like to explore comparable programmes, reaching out to and establishing new networks – for example with the finance industry and with local and regional government and business partnerships.
We will, of course, continue to champion the role of curiosity driven research, but I would like to see more involvement from the Society in networking with key players in the innovation landscape to explore and enhance our understanding of the relationship between research and innovation.
We must continue to take a detailed interest in all relevant aspects of the education system, particularly, of course, the STEM pipeline through schools and colleges, but I would like to see us pay more attention in the future to the further and technical sector, working more with partners having expertise closer to the coal-face. Where we can and should uniquely contribute is in the kind of thought leadership exemplified by our work on requirements for more data focussed mathematics education in the decades ahead.
People are, of course, at the heart of all our scientific endeavours and I would like us to take a lead in working to promote greater coherence and security in scientific careers. We are already pressing for a new form of mid-career fellowship.
We will continue to work to promote a culture of research that supports both excellence and inclusion – for example through our transition to fully Open Access publishing.
And we must take a root and branch look at the Society’s engagement with and contribution to the societal Diversity agenda, in all its aspects – including gender, race, class and geography. Building on the seminar we held in March, we need to identify and develop a network of partners - both educational and community based - with whom to take this forward.
The UK Young Academy, which will come into being next year, will provide the potential to provide a greater diversity of voice, particularly at early career stages, as well as diversity of disciplinary perspective. We will oversee its first stages of development before it then transitions into a fully independent entity.
Finally, none of the above will be of any account if, in these changing times, we fail to preserve and maintain the ultimate source of our reputation and standing in the world – namely the quality of our Fellowship! Here, too, we need a programme of work to promote greater diversity – for example, in clarifying criteria for our various forms of fellowship and encouraging the widest possible basis of nominations. In the New Year, I hope to lead a series of in-person meetings with Fellows across the UK regions to explore these issues in more depth. 
Let me end on a personal note. We are all aware of increasing stridency and intolerance of the views of individuals. I would like to make clear that, while I am President, the culture of the Royal Society will be one of openness of debate and, within the law, openness of expression. It is not appropriate in the context of scientific discourse and debate to ask or require that all views of all others be “respected” – robust challenge to prevailing views and to others’ perspectives is the lifeblood of the scientific method. However, we should insist, as part of our culture, on courteous and tolerant behaviour towards individuals, with whom we might disagree on scientific judgements.

",royal_220211_02_008,220211
New Foreign Secretary of the Royal Society calls for ever stronger UK participation in European research,https://royalsociety.funnelback.co.uk/s/redirect?collection=website-meta&url=https%3A%2F%2Froyalsociety.org%2Fnews%2F2021%2F11%2Frobin-grimes-elected-foreign-secretary%2F&auth=E2SxRmWMsZYVK0CiGsKPsg&profile=_default&rank=10&query=%21nullquery,"

Professor Robin Grimes has taken over the role of Foreign Secretary of the Royal Society and will meet virtually with science academy partners from across Europe to discuss critical common challenges.

Later this week, he will represent the Society at the council meeting of the European Academies Science Advisory Council (EASAC), 2-3 December. Discussions will cover the evolving COVID-19 situation and commitments made at COP26, and how European researchers can work together to address them.

Professor Grimes is a former Chief Scientific Adviser to the Ministry of Defence and Foreign and Commonwealth Office, and the Steele Chair of Energy Materials at Imperial College London. 

He heads up the Society’s international work at a time when supporting scientific collaboration and maintaining the closest possible links with European researchers is of paramount importance to the Royal Society, and to UK science as a whole.

Speaking ahead of the EASAC meeting Professor Grimes said: ""It is a privilege to be elected Foreign Secretary and I look forward to meeting with my colleagues from across the European science community on the issues that will shape research, and society at large, over the coming decades. 
""With the negotiations on Horizon Europe yet to deliver the certainty that the scientific community is calling for, these meetings are a chance to reaffirm the bonds between EU and UK researchers which have benefited research right across our continent. 
""The Royal Society’s focus is on science that works for the benefit of everyone, and the events of the last two years have shown, undeniably, that we must work internationally to deliver that goal. That is as true in my field, developing the energy systems to move us to a net-zero carbon future, as it is in tackling biodiversity decline or using data to address future health emergencies. 
""My predecessor Richard Catlow has been a champion of the UK’s place at the heart of science in Europe, and I will endeavour to build on his work, and the wealth of expertise across the Fellowship, throughout this exciting chapter for the Society and UK science.""

Professor Grimes' research uses computer simulation techniques to predict the behaviour of materials for energy applications including nuclear fission and fusion, fuel cells, batteries and solar cells. He is a Fellow of the Royal Society, the Royal Academy of Engineering and the Australian Academy of Technological Sciences and Engineering.

He takes over from Professor Sir Richard Catlow, whose five-year term ended on the Royal Society’s Anniversary Day (30 November). 

The post of Foreign Secretary of the Royal Society dates back to 1723.

",royal_220211_02_009,220211
