prj_titulo,link,prj_instituicao,prj_valor,prj_brazil,atualizacao,codigo
Spatial Modeling for the Search and Conservation of the Endangered Harpy Eagle and King Vulture in Mexico,https://www.rufford.org/projects/alan-monroy-ojeda/spatial-modeling-search-and-conservation-endangered-harpy-eagle-and-king-vulture-mexico/,Rufford,NA,N,220211,rufford_220211_4_000
Conservation Monitoring in Mesoamerica: Linking Local Indigenous Knowledge with Natural History of Bumble Bees,https://www.rufford.org/projects/oscar-gustavo-mart%C3%ADnez-l%C3%B3pez/conservation-monitoring-mesoamerica-linking-local-indigenous-knowledge-natural-history-bumble-bees/,Rufford,NA,N,220211,rufford_220211_4_001
LET IT BEe: Unveiling the Role of Cocoa Agroforests in Maintaining Multiple Dimensions of Bee and Wasp Diversity in a Global Biodiversity Hotspot,https://www.rufford.org/projects/jos%C3%A9-victor-alves-ferreira/let-it-bee-unveiling-role-cocoa-agroforests-maintaining-multiple-dimensions-bee-and-wasp-diversity-global-biodiversity-hotspot/,Rufford,NA,Y,220211,rufford_220211_4_002
Knowledge on Biodiversity for Environmental Education and Conservation of Macrofungi in the Nahuelbuta’s Mountain Range,https://www.rufford.org/projects/viviana-salazar-vidal/knowledge-on-biodiversity-for-environmental-education-and-conservation-of-macrofungi-in-the-nahuelbutas-mountain-range/,Rufford,NA,N,220211,rufford_220211_4_003
Hawksbill Turtles and Where to Find Them: Identifying Key Habitats for Conservation in the North Pacific of Costa Rica,https://www.rufford.org/projects/veronica-valverde-cantillo/hawksbill-turtles-and-where-find-them-identifying-key-habitats-conservation-north-pacific-costa-rica/,Rufford,NA,N,220211,rufford_220211_4_004
Ecological Connectivity and Seasonal Habitat Use: Understanding Hummingbird Altitudinal Movement to Guide Conservation of High-Andean Ecosystems in Colombia,https://www.rufford.org/projects/cristina-rueda-uribe/ecological-connectivity-and-seasonal-habitat-use-understanding-hummingbird-altitudinal-movement-guide-conservation-high-andean-ecosystems-colombia/,Rufford,NA,N,220211,rufford_220211_4_005
The Value and Costs of Jaguars to Peasant Households,https://www.rufford.org/projects/alejandro-bellon/value-and-costs-jaguars-peasant-households/,Rufford,NA,N,220211,rufford_220211_4_006
Effects of Forest Exotic Plantation on Mammals in a Northwestern Argentina Forest: Implications for Management,https://www.rufford.org/projects/alejandro-alberto-schaaf/effects-forest-exotic-plantation-mammals-northwestern-argentina-forest-implications-management/,Rufford,NA,N,220211,rufford_220211_4_007
"Distribution of Laterallus Spilonota on Santa Cruz Island, Galapagos, and Assessment of the Role of Habitat Disturbance and Interspecific Competition",https://www.rufford.org/projects/hugo-miguel-venceslau-carvalho-e-silva/distribution-laterallus-spilonota-santa-cruz-island-galapagos-and-assessment-role-habitat-disturbance-and-interspecific-competition/,Rufford,NA,N,220211,rufford_220211_4_008
"Identification of Areas for Reforestation with Vegetable Species of Importance for the Andean Bear in the Province of Imbabura, Ecuador",https://www.rufford.org/projects/estefania-rosero/identification-areas-reforestation-vegetable-species-importance-andean-bear-province-imbabura-ecuador/,Rufford,NA,N,220211,rufford_220211_4_009
"Population Biology of a Hispaniola-Endemic Bird Species, the La Selle Thrush (Turdus swalesi): Applications to the Management and Conservation of the Species",https://www.rufford.org/projects/jean-marry-exantus/population-biology-hispaniola-endemic-bird-species-la-selle-thrush-turdus-swalesi-applications-management-and-conservation-species/,Rufford,NA,N,220211,rufford_220211_4_010
The Role of Landscape Structure and Habitat Quality in Safeguarding Amphibian and Reptile Diversity in Cocoa Agroforestry Systems,https://www.rufford.org/projects/mart%C3%ADn-de-jes%C3%BAs-cervantes-l%C3%B3pez/role-landscape-structure-and-habitat-quality-safeguarding-amphibian-and-reptile-diversity-cocoa-agroforestry-systems/,Rufford,NA,Y,220211,rufford_220211_4_011
Implementation of Molecular Markers for the Identification of Billfishes Distributed in the Tropical Eastern Pacific,https://www.rufford.org/projects/roy-francisco-saravia-s%C3%A1nchez/implementation-molecular-markers-identification-billfishes-distributed-tropical-eastern-pacific/,Rufford,NA,N,220211,rufford_220211_4_012
Managing Landscape Context to Preserve Birds’ Biodiversity in Wetlands of the Wet Chaco,https://www.rufford.org/projects/bareiro-gui%C3%B1az%C3%BA-adolfo-leandro/managing-landscape-context-to-preserve-birds-biodiversity-in-wetlands-of-the-wet-chaco/,Rufford,NA,N,220211,rufford_220211_4_013
Amphibians from the Atlantic Forest of Brazil: An Assessment of Diversity Patterns and the Role of Environmental Factors in Communities,https://www.rufford.org/projects/juliane-pereira-ribeiro/amphibians-atlantic-forest-brazil-assessment-diversity-patterns-and-role-environmental-factors-communities/,Rufford,NA,N,220211,rufford_220211_4_014
Influence of Landscape and Local-Scale Livestock Management on Dung Beetle Assemblages at the Semiarid of Brazil and its Consequences on Environmental Services,https://www.rufford.org/projects/clemensou-reis/influence-landscape-and-local-scale-livestock-management-dung-beetle-assemblages-semiarid-brazil-and-its-consequences-environmental-services/,Rufford,NA,Y,220211,rufford_220211_4_015
Pollinators as Indicators: Assessing the Effects of Ecological Restoration on Plant-Pollinator Interactions,https://www.rufford.org/projects/paula-vargas-pellicer/pollinators-indicators-assessing-effects-ecological-restoration-plant-pollinator-interactions/,Rufford,NA,N,220211,rufford_220211_4_016
"Development of a Proposal to Guide the Sustainability of the Whale Watching Industry in Baja California Sur, Mexico",https://www.rufford.org/projects/garcia-casta%C3%B1eda-omar/development-proposal-guide-sustainability-whale-watching-industry-baja-california-sur-mexico/,Rufford,NA,N,220211,rufford_220211_4_017
Avoiding the Extinction of the Only Endemic Fish in Arid Argentine Patagonia: The Naked Characin (Gymnocharacinus bergii),https://www.rufford.org/projects/sofia-quiroga/avoiding-extinction-only-endemic-fish-arid-argentine-patagonia-naked-characin-gymnocharacinus-bergii/,Rufford,NA,N,220211,rufford_220211_4_018
Abundance and Population Trends of the Bolivian River Dolphin (Inia boliviensis) in its Main Distribution Area in Bolivia Over a 20-Year Historical Series,https://www.rufford.org/projects/luis-alfredo-guizada-duran/abundance-and-population-trends-bolivian-river-dolphin-inia-boliviensis-its-main-distribution-area-bolivia-over-20-year-historical-series/,Rufford,NA,N,220211,rufford_220211_4_019
"Continental Islands as Jaguar´s Refuges: Home-Ranges, Territories, Habitat Use, and Dispersion on the Amazon Coast",https://www.rufford.org/projects/herbert-duarte/continental-islands-as-jaguars-refuges-home-ranges-territories-habitat-use-and-dispersion-on-the-amazon-coast/,Rufford,NA,N,220211,rufford_220211_4_020
Building a Conservation Strategy for the Harpy Eagle in the Amazon Forest,https://www.rufford.org/projects/everton-bernardo-pereira-de-miranda/building-conservation-strategy-harpy-eagle-amazon-forest/,Rufford,NA,N,220211,rufford_220211_4_021
Effects of Organic and Conventional Agriculture on Insectivorous Bat Assemblages Using Multiple Dimensions of Biodiversity,https://www.rufford.org/projects/a%C3%ADda-ot%C3%A1lora-ardila/effects-organic-and-conventional-agriculture-insectivorous-bat-assemblages-using-multiple-dimensions-biodiversity/,Rufford,NA,N,220211,rufford_220211_4_022
Conservation of Palmita Cycad (Zamia inermis) and its Habitat through Ecology and Sensitizing Local People,https://www.rufford.org/projects/jorge-antonio-g%C3%B3mez-d%C3%ADaz/conservation-palmita-cycad-zamia-inermis-and-its-habitat-through-ecology-and-sensitizing-local-people/,Rufford,NA,N,220211,rufford_220211_4_023
Conservation Strategies for Oophaga histrionica: From Illegal Trafficking to Community Participation Based on Population Monitoring and Sustainable Ecotourism,https://www.rufford.org/projects/mar%C3%ADa-alejandra-rojas-rivera/conservation-strategies-oophaga-histrionica-illegal-trafficking-community-participation-based-population-monitoring-and-sustainable-ecotourism/,Rufford,NA,N,220211,rufford_220211_4_024
