not_titulo,link,not_texto,atualizacao,codigo
Rufford holds Grantees Conference in Zanibar,https://www.rufford.org/news/rufford-holds-grantees-conference-zanibar/,https://youtu.be/tlwiNnEYp_w,220211,rufford_220211_2_000
Rufford holds Grantees Conference in Mozambique,https://www.rufford.org/news/rufford-holds-grantees-conference-in-mozambique/,https://youtu.be/i6J35RUo3hk,220211,rufford_220211_2_001
Rufford Project Rediscovers a Skink Last Seen in 1918,https://www.rufford.org/news/rufford-project-rediscovers-skink-last-seen-1918/,"The Extinct or Just Shy project is run by Harith Farooq in Mozambique and focuses on two poorly known skink species (Scolecoseps boulengeri and Proscelotes aenea) that have not been recorded since 1918 - that is, until now. The project recently photographed the first live specimen of Proscelotes aenea seen in over 100 years. The discovery, in Lumbo, northern Mozambique, followed months of survey. Sadly, no Scolecoseps boulengeri have yet been found but Harith is now assessing how healthy the population of Proscelotes aenea is and planning to survey the less urbanised areas of the coastline between Lumbo and Pemba. This will have huge implications for the delineation of the Key Biodiversity Area that, due to this project, can now encompass Lumbo once the species’ conservation status has been assessed. For more information: https://www.instagram.com/eos_lumbo/ www.extinctorshy.org https://theconversation.com/search-for-elusive-skinks-is-filling-gaps-in-mozambiques-biodiversity-data-165635",220211,rufford_220211_2_002
The Call for Applications to the Whitley Awards 2022 is Now Open!,https://www.rufford.org/news/call-applications-whitley-awards-2022-now-open/,"The call for applications to the Whitley Awards 2022 is now open!. Please help us spread the word by circulating this call to your networks and encourage anyone you think would make a good Whitley Award winner to apply. The deadline for applications is midnight GMT, 31st October 2021. The Whitley Awards support dynamic grassroots leaders who are working with communities to conserve wildlife and their habitats in the Global South. Awards are worth £40,000 over one year and come with professional communications training, PR and international profile boost. Subject to COVID-19 and government advice, we hope to hold the Whitley Awards Ceremony in April/May 2022 either as a physical or virtual event. Successful applicants will receive funding in June 2022. Please visit our website to apply.",220211,rufford_220211_2_003
Future for Nature Awards 2022,https://www.rufford.org/news/future-nature-awards-2022/,"Future for Nature is based in The Netherlands. It is again searching for natural leaders, between 18 and 35 years old, who have proven that they can make the difference for the survival of species. Applications for the 2022 awards are accepted until the 1st of September 2021.",220211,rufford_220211_2_004
2022 Conservation Leadership Programme Team Awards,https://www.rufford.org/news/2022-conservation-leadership-programme-team-awards/,The Conservation Leadership Programme (CLP) has invited applications to their 2022 Team Awards from early-career conservationists leading critical projects worldwide. All applications must be submitted using the online platform by 11:59pm GMT on 10 October 2021. For more information,220211,rufford_220211_2_005
The Elephants Have Come to Town,https://www.rufford.org/news/elephants-have-come-town/,"From 2012 to 2015, The Rufford Foundation funded Tarsh Thekaekara in India for a project helping local communities deal with one of the world’s worst invasive plant species, Lantana camara. This innovative project has had an unusual and spectacular result – a herd of 125 elephants in the parks of London (http://elephant-family.org/news-views/events/coexistence-launches-on-the-mall/), organised in collaboration with Elephant Family, an organisation also supported by The Rufford Foundation. Through their NGO Coexistence (www.coexistence.org), the project employed local artisans to create life-sized sculptures of elephants, highlighting both the threat from invasive species and the fragile populations of elephants in the Nilgiri Hills. The £11,000 from The Rufford Foundation partly contributed to 70 indigenous artisans being employed for 4 years with a total income of over £180,000. The whole project is likely to raise in excess of £1 million for conservation. Not only that, recently the project has used Lantana to make pre-fabricated Covid-19 isolation huts for indigenous communities in remote villages who have no space for sick people to isolate – a true win-win result. https://youtu.be/XeG99thSs0w https://www.thehindu.com/news/cities/Coimbatore/isolation-centres-coming-up-in-tribal-villages/article34609676.ece",220211,rufford_220211_2_006
Rufford Grantee Features on CNN,https://www.rufford.org/news/rufford-grantee-features-cnn/,"Dr Krithi Karanth, Executive Director of the Centre for Wildlife Studies in India, has received recognition of her pioneering work on human-wildlife conflict though a 4-minute feature on CNN’s Call to Earth feature. Dr Karanth has received four Rufford Small Grants and the foundation is delighted that her work has achieved such positive publicity. For more information https://www.youtube.com/watch?v=gK8N-oI4P_k",220211,rufford_220211_2_007
RSG Conferences 2021/22,https://www.rufford.org/news/rsg-conferences-2020219237/,"We encourage all grantees to attend a recipients conference in a country close by. Below you will find the upcoming venues. These gatherings are the perfect opportunity to network, share your results with other conservationists and meet new friends. Usually 2 or 3 days with presentations, talks, ideas and often a project visit. If you would like to arrange a conference yourself please contact josh@rufford.org for further information and an application form. Alternatively, these are the up and coming conferences and contact details: July 2021 Honduras (Roatán) - Contact Alerick: apacay@semillasdeloceano.org Tanzania (Zanzibar) - Contact Alphonse Karenzi: karenzilife@gmail.com August 2021 Mexico (Cancun) - Contact Karen Fuentes: karen@mantatrust.org September 2021 Nicaragua - Contact Joelle: eliscientific@gmail.com October 2021 Russia (Moscow) - Contact Svetlana: baskakova2008@mail.ru or Moscow Conference Mozambique - Contact Alphonse Karenzi: karenzilife@gmail.com November 2021 El Salvador - Contact Melissa: melissa.rg784@gmail.com India (Udipur) - Contact Rajat Nayak: rajat27404@gmail.com January 2022 Gabon - Contact Alphonse Karenzi: karenzilife@gmail.com Myanmar (Rangoon) - Contact Jasmine: jassie.jasmine@gmail.com February 2022 Thailand - Contact Techachoochert: t.supatchaya@gmail.com March 2022 Brazil - Contact Pedro: pedrohcp2@yahoo.com.br July 2022 Mongolia - Contact Svetlana: baskakova2008@mail.ru During these times of Covid 19, all RSG meetings take place in approved venues or outside spaces. Attendance numbers are strictly limited, social distancing must be adhered to and masks are to be worn at all times. Times and dates are subject to change.",220211,rufford_220211_2_008
EE 30 under 30 2021 Call for Nominations,https://www.rufford.org/news/ee-30-under-30-2021-call-nominations/,The North American for Environmental Education (NAAEE) supports those using environmental education to build a sustainable future. They have launched nominations for their 2021 awards. For more information 2021 call for nominations for EE 30 Under 30,220211,rufford_220211_2_009
30th International Congress for Conservation Biology – 2021 Dates Announced,https://www.rufford.org/news/30th-international-congress-for-conservation-biology-2021-dates-announced/,"The Society for Conservation Biology is accepting proposals for symposia, workshops, training courses and roundtable discussions for its 30th International Congress for Conservation Biology (ICCB 2021), to be held from 12-16 December 2021 in Kigali, Rwanda. For more information: ICCB2021",220211,rufford_220211_2_010
CNN Global Environmental Hero is Rufford Grantee,https://www.rufford.org/news/cnn-global-environmental-hero-rufford-grantee/,"CNN has highlighted its Global Environmental Heroes for 2021, one of whom, Pablo Garcia Borboroglu, is a five-time Rufford grantee. The Rufford Foundation has supported Pablo's inspiring work on penguins from its humble beginnings to the global network that it is today. For more information Global Environmental Hero 2021",220211,rufford_220211_2_011
Panamanian Primates Thank The Rufford Foundation!,https://www.rufford.org/news/panamanian-primates-thank-rufford-foundation/,"The Rufford Foundation is delighted to hear that Fundación Pro-Conservación de los Primates Panameños (FCPP) is celebrating 20 years of studying non-human primates in Panama. The foundation has provided seven grants towards projects involving conservation of the Coiba howler monkey Alouatta coibensis coibensis, Azuero howler monkey Alouatta coibensis trabeata, Darien black spider monkey Ateles fusciceps rufiventris, hooded spider monkey Ateles geoffroyi grisescens and Panamanian red spider monkey Ateles geoffroyi panamensis, and a general project on population and distribution of the 13 Panamanian primates. The foundation also supported the first project to tackle conflict between farmers and the white-faced monkey Cebus imitator in Chiriqui province. In 2020, FCPP organised the first Rufford Conference in Panama involving participants from Mesoamerica, held at Colon Island, Bocas del Toro. Now, FCPP has population and distribution information and undertakes environmental educational activities with educational guides and much more. FCPP thanks The Rufford Foundation for making this possible during the past 20 years!",220211,rufford_220211_2_012
60th Rufford Conference a Huge Success,https://www.rufford.org/news/60th-rufford-conference-huge-success/,"Despite Covid-19 restrictions, the Rufford Conference held in Kenya in December 2020 was a huge success. It was the 60th such event held since these conferences began in 2012. Twenty-seven Rufford grantees and others attended, taking the opportunity to network at a time when this activity had almost completely stopped due to Covid-19. For more information Kenya Conference",220211,rufford_220211_2_013
New Insect Named in Honour of The Rufford Foundation,https://www.rufford.org/news/new-insect-named-honour-rufford-foundation/,"Rufford grantee, Vivek Sarkar, has been studying the natural history and acoustics of cicadas in the Indian state of Meghalaya. Vivek recently published a paper describing three new species, one of which, Mata ruffordii, was named in honour of The Rufford Foundation. In Vivek’s words, “One of the three species is named as ruffordii to honour the support of The Rufford Foundation in conservation of nature and wildlife, starting from the smallest invertebrates to majestic mammals and their habitat. The Foundation has been supporting conservation related work of young researchers in India and many other countries for more than a decade and this is the least I could do.” For more information: Vivek's paper on ResearchGate Species page on Cicadas of India",220211,rufford_220211_2_014
New Conservation App,https://www.rufford.org/news/vara2-stranding-app16923/,"Animal stranding events can provide valuable information that helps in the conservation of marine species. The Vara2 Stranding App is a mobile phone application that helps professionals and the general public record information from such events in a standardised way. Different versions of the app for Africa, Asia, Europe, Latin America, North America and Oceania/Antarctica are now available on the Google Play Store. The app includes more than 150 species. The objective is to connect professionals, emergency services or ordinary citizens so that if a stranding event is detected, it can be properly attended by qualified personnel in the shortest possible time. Data collected through the app is available free to ALL those who wish to use it. For more information: https://play.google.com/store/apps/developer?id=SanHoen <<<",220211,rufford_220211_2_015
Mohamed bin Zayed Species Conservation Fund – Temporary Change of Focus,https://www.rufford.org/news/mohamed-bin-zayed-species-conservation-fund-temporary-change-of-focus16803/,"Given what has been happening these past months, The Mohamed bin Zayed Species Conservation Fund (MBZ) has made a temporary funding priority change. Usually MBZ would only support projects engaged in in situ conservation activities, but they have decided that for your next two application rounds (up to the end of February 2021) they will be focusing on providing grants to support the core operating costs of small, local, grassroots species conservation NGOs. This would be to cover staff salaries, office rent, etc. (essentially unrestricted funding grants) and is really intended to provide a bit of a leg up to organisations that may otherwise have to let conservationists go, or potentially close completely. The decision was based on a survey of previous grant recipients conducted in April/May 2020, and the situation is probably worse by now. MBZ intend to resurvey the same people in the coming weeks. https://www.speciesconservation.org/media-center/mbz-fund-offers-covid-19-relief-grants-for-overhead-costs/66",220211,rufford_220211_2_016
National Geographic Virtual Awards,https://www.rufford.org/news/national-geographic-virtual-awards16758/,"Congratulations to RSG grantee, Angela M. Maldonado (https://www.rufford.org/projects/angela_maldonado_0) for being awarded a National Geographic Award. Angela, one of nine honourees, will be presented with the 2020 National Geographic Buffett Award for Leadership in Conservation - Latin America this week. To read about the award recipients: https://blog.nationalgeographic.org/2020/09/22/meet-the-2020-national-geographic-award-recipients/",220211,rufford_220211_2_017
Update on Oryx Transition to Open Access,https://www.rufford.org/news/update-on-oryx-transition-to-open-access16647/,"We have an update on plans to transition Oryx - The International Journal of Conservation to open access, which is being funded by The Rufford Foundation. See the following links: The Bookseller - https://www.thebookseller.com/news/longest-running-conservation-journal-goes-open-access-1213845# Scienmag - https://scienmag.com/oryx-to-become-open-access-from-january-2021/",220211,rufford_220211_2_018
Krithi K. Karanth was honoured with the Environmental Hero of the Year Award,https://www.rufford.org/news/krithi-k-karanth-was-honoured-with-the-environmental-hero-of-the-year-award15833/,"We are delighted to share with you that Chief Conservation Scientist Dr. Krithi K. Karanth was honoured with the Environmental Hero of the Year award in the 11th edition of GQ Men of the Year Awards 2019 in Mumbai on 28th September 2019. It has been presented in recognition of her work with environmental conservation, most recently with ‘Wild Seve’. Since 2011 Krithi has been awarded three Rufford Small Grants for her work with Wild Seve and human/wildlife conflict, to read about her work https://www.rufford.org/projects/krithi_karanth",220211,rufford_220211_2_019
Oryx -The International Journal of Conservation will soon be Open Access thanks to The Rufford Foundation,https://www.rufford.org/news/oryx-the-international-journal-of-conservation-will-soon-be-open-access-thanks-to-the-rufford-foundation16581/,"Fauna & Flora International (FFI) is excited to announce that Oryx will be a fully open access journal as of 1 January 2021! FFI has worked with various teams at their headquarters and publisher Cambridge University Press over the last year and, thanks to the generous support of The Rufford Foundation, they are now beginning the transition to open access. All new submissions from 1 August 2020 that are subsequently accepted for publication will be published open access. Open access allows scientists, practitioners, journalists, policy makers and members of the general public to freely read, download and share journal content, ensuring that everybody can benefit from and build upon the work. This improves the impact, reach and citation of research publications. For more information visit oryxthejournal.org/about/open-access or email the Oryx team at oryx@fauna-flora.org.",220211,rufford_220211_2_020
Future for Nature Awards 2021,https://www.rufford.org/news/future-for-nature-awards-202116503/,"Are you a young nature conservationist? Do you combine passion with action to create concrete results in your work protecting species of wild animals and plants? Apply for the Future For Nature Awards of 2021 before the 15th September 2020! Winners receive €50,000 for their nature conservation work, international recognition, the handcrafted FFN Award during the annual ceremony in the Netherlands, and join the growing FFN Family of young nature conservationists! futurefornature.org/apply/",220211,rufford_220211_2_021
Request for Help with Internet Campaign,https://www.rufford.org/news/request-for-help-with-internet-campaign16438/,"We have launched an internet campaign to explore which animals frighten us the most. The campaign is entitled Lost in the Wilderness and can be found at the following site (available in English, French, Dutch and Spanish): https://www.biodiful.org/#/ It’s a quick questionnaire presented as a game. We need people who will distribute it as widely as possible. We hope to reach schools and non-academic circles and people from various age groups. Perhaps through your professional and personal network of contacts you can approach teachers, etc.? The French campaign has worked well (with more than 10,000 respondents) but we need responses from other countries. With 500 responses per country we can run robust analyses. If you can spend time promoting our campaign, that would be very helpful.",220211,rufford_220211_2_022
Rufford gives its 5000th grant,https://www.rufford.org/news/rufford-gives-its-5000th-grant16063/,"The Rufford Small Grants Programme has reached a major milestone with its 5000th grant, a 2nd Rufford Small Grant given to Emmanuel Amoah, a PhD student at Kwame Nkrumah University of Science and Technology (KNUST), Kumasi, Ghana for his project Saving the Vulnerable West African Dwarf Crocodile from Local Extinction: A Community Approach in Awniafutu, Ghana. We wish to congratulate Emmanuel and wish him every success with his work on this threatened species. 5000th Grant",220211,rufford_220211_2_023
