prj_titulo,link,prj_instituicao,prj_valor,prj_brazil,atualizacao,codigo
Tree frog conservation in Colombia,https://www.speciesconservation.org/large-grants/grant/tree-frog-conservation-in-colombia/749,species conservation,valor não encontrado,N,220211,speciesconservation_220211_4_000
Standing tall: Oaks of Colombia,https://www.speciesconservation.org/large-grants/grant/standing-tall:-oaks-of-colombia/742,species conservation,valor não encontrado,N,220211,speciesconservation_220211_4_001
Bird on a wire: Colombian mountain grackle,https://www.speciesconservation.org/large-grants/grant/bird-on-a-wire:-colombian-mountain-grackle/721,species conservation,valor não encontrado,N,220211,speciesconservation_220211_4_002
Guinea’s Gentle Giants: African manatee,https://www.speciesconservation.org/large-grants/grant/guinea’s-gentle-giants:-african-manatee/646,species conservation,valor não encontrado,N,220211,speciesconservation_220211_4_003
Dolphin Quest: Guinea,https://www.speciesconservation.org/large-grants/grant/dolphin-quest:-guinea/587,species conservation,valor não encontrado,N,220211,speciesconservation_220211_4_004
Community Conservation of Sea Turtles,https://www.speciesconservation.org/large-grants/grant/community-conservation-of-sea-turtles/537,species conservation,valor não encontrado,N,220211,speciesconservation_220211_4_005
Protecting Thailand’s River Monsters,https://www.speciesconservation.org/large-grants/grant/protecting-thailand’s-river-monsters/492,species conservation,valor não encontrado,N,220211,speciesconservation_220211_4_006
Indonesia’s Seagrass and Coral Nursery,https://www.speciesconservation.org/large-grants/grant/indonesia’s-seagrass-and-coral-nursery/488,species conservation,valor não encontrado,N,220211,speciesconservation_220211_4_007
Wild Cats at the Edge,https://www.speciesconservation.org/large-grants/grant/wild-cats-at-the-edge/453,species conservation,valor não encontrado,N,220211,speciesconservation_220211_4_008
Saving the Spotted Greenshank,https://www.speciesconservation.org/large-grants/grant/saving-the-spotted-greenshank/437,species conservation,valor não encontrado,N,220211,speciesconservation_220211_4_009
