not_titulo,link,not_texto,atualizacao,codigo
Our giving to SPARC,https://www.arcadiafund.org.uk/news/arcadias-giving-to-sparc,"SPARC (the Scholarly Publishing and Resources Coalition), a US-based open access advocacy organization, is one of Arcadia’s grantees. Our funding to SPARC and OA.Works is via New Venture Fund, which acts as a fiscal sponsor.
Heather Joseph, SPARC’s Executive Director, also sits on our Advisory Board. The Advisory Board advises on proposals but all decisions are taken separately by our Donor Board. We maintain a register of interests of our Advisory Board members. Board members do not see or comment on proposals where there may be a real or perceived conflict of interest.All text on this website is licensed under a Creative Commons Attribution 4.0 International License unless otherwise stated. ",220211,arcadia_220211_2_000
New grant to the Endangered Wooden Architecture Programme (EWAP),https://www.arcadiafund.org.uk/news/new-grant-to-continue-the-endangered-material-knowledge-programme-1,"We awarded a £5 million grant to Oxford Brookes University to set up and run a new programme for documenting endangered wooden architecture and building traditions. The five-year programme will support projects that focus on sites at risk due to neglect, conflict or environmental effects. All resulting documentation will be made available for free online, and the programme will collaborate with CyArk to ensure the records are preserved long-term. EWAP will launch in early 2021.Read the full press release here.Press release: British Museum receives its largest single grant in a decade from Arcadia Endangered Material Knowledge Programme is extended for a further 7 years 
The EMKP is a ground-breaking initiative that awards grants across the globe to preserve knowledge of the material world. Working at all scales from the small, domestic world of daily cooking and eating cultures, to the special and extraordinary worlds of ritual events, this programme collects knowledge of how individuals and communities uniquely make and shape their worlds. In a rapidly changing global environment, this material knowledge – be it social, economic, symbolic or ecological – is the key to sustaining communities and preserving the rich diversity of global culture into the future, and to prevent them being lost forever. As part of the grant British Museum experts offer specialist training to grantees in a wide variety of tools and methods that can be used during the documentation process, including different media such as films, photographs, interviews, drawings, maps and 3D reconstruction. Once this material has been collated, it is uploaded onto an open access digital database hosted by the British Museum, and a digital copy is also shared with a partner in the country of work so that it remains close to the community whose cultural heritage it represents. By working together with experts and communities across the world, the approach of the EMKP continues the British Museum’s work to share and preserve knowledge of human history, with global collaboration remaining at the heart of all future partnerships.The EMKP began awarding grants in 2018, and since then projects in 24 countries [1]
have been supported. Recently concluded projects include work on beekeeping in Kenya, paper clothes making in Japan and the traditions of mouth harp making and playing in Cambodia. As well as increasing the number of projects to be supported, the landmark grant from Arcadia will allow the British Museum to support larger projects and to preserve additional critically endangered heritage in greater detail. The grant will also increase the in-house EMKP team at the British Museum with two new members of staff, who will focus on curating the digital records for the repository. This enhancement of the programme follows a growth in demand for the second round of grants in 2020 which saw an increase of over 20% of applications from the first round, demonstrating the desire and urgent need for funding to protect at-risk cultural heritage. Critically, nearly 60% of all applications have come from researchers based in, or from, the country of work, ensuring a truly global approach and outlook. This will ensure that in these ever-uncertain times, that the work of the EMKP and the grants available can reach as many communities and academic research facilities as possible.The third round of applications for EMKP grants is now open. Following on from the success of grants awarded in 2019 and 2020, this funding is available to anybody to carry out documentation work on active material practices and knowledge systems. Applications are particularly encouraged for projects that will carry out work in areas and countries with limited local funding infrastructure, where this EMKP funding can make the most difference and save living heritage that may otherwise disappear. There is no restriction on the nationality of the applicants, nor on the regional coverage of the work being proposed, making the EMKP a truly global initiative. The deadline for applications for the new grant round is 31 January 2021.Hartwig Fischer, Director of the British Museum said “The British Museum was created to preserve our shared human history for future generations and the Endangered Material Knowledge Project (EMKP) is a vital extension of this work into the 21st
century. With this most generous pledge from Arcadia, Museum experts can continue to work with communities and colleagues around the globe to preserve material practices that may otherwise be lost. Through this programme, Lisbet Rausing and Peter Baldwin are enabling us to provide the skills and resources to create a heritage storehouse for future generations.” Lisbet Rausing and Peter Baldwin, Co-founders of Arcadia said: “We are delighted to renew our support for the Endangered Material Knowledge Programme. In our rapidly changing world, this programme helps preserve the richness, diversity and complexity of human knowledge. We are grateful for the passion of EMKP’s grantees and the communities who have shared their wisdom, and for the British Museum’s expertise and support of this work. This endeavour will safeguard disappearing knowledge and make it freely accessible for the benefit of generations to come.” Ceri Ashley, Head of EMKP, said: “We have been lucky enough to continue working on EMKP throughout lockdown thanks to the continued support from Arcadia. This meant that we could carry on working with our international advisory panel to review and select the next round of grants, and ensure this vital work – now ever more threatened by the effects of the global pandemic – can continue. In the last few months we have offered grants for work on stone walling in Zimbabwe – a practice that can be dated back hundreds of years to the World Heritage Site of Great Zimbabwe, ceramic production in Ecuador, Peru, Ethiopia and Papua New Guinea, and a project that works with the Dalai Lama’s tailor to record the rituals and traditions of how his clothes are made.” Endangered Material Knowledge Programme (EMKP) The Endangered Material Knowledge Programme (EMKP) is the first programme of its kind relating to the material world and offers grants to researchers globally to undertake detailed fieldwork to record disappearing or endangered practices. Societies around the globe are changing at an unprecedented rate, and specialist, locally informed knowledge is in danger of being lost - knowledge that has helped communities thrive in unique environmental, social and cultural contexts. This programme will focus on fieldwork in areas of the world where material practices and knowledge are recognized as endangered or threatened in some way, by awarding grants to enable scholars and local communities to collect knowledge of their unique material lives, and share this richness globally. The Department of Africa, Oceania and the Americas at the British MuseumThe British Museum houses one of the finest collections of art and artefacts in existence, representing the world’s cultural heritage for the benefit of the public. Founded in 1753, it encourages people to explore their culture and history, and how it relates to wider world histories. The collection of the Department of Africa, Oceania and the Americas includes around 350,000 objects, representing the cultures of the indigenous peoples across four continents.[1]
Benin, Botswana, Brazil, Burkino Faso, Cambodia, Democratic Republic of Congo, Ecuador, Ethiopia, Ghana, India, Japan, Kenya, Malaysia, Morocco, Nigeria, Papua New Guinea, Peru, Somaliland, South Sudan, Thailand, Vanuatu, Vietnam, Zambia, and ZimbabweAll text on this website is licensed under a Creative Commons Attribution 4.0 International License unless otherwise stated. ",220211,arcadia_220211_2_001
Arcadia commits to supporting Indigenous Peoples and Local Communities to secure a sustainable future,https://www.arcadiafund.org.uk/news/support-for-indigenous-peoples-and-local-communities-to-secure-a-sustainable-future,"Indigenous peoples and local communities play a significant role in protecting some of the most biodiverse landscapes on earth and mitigating the effects of the climate crisis. However, their role has often been overlooked and their efforts are significantly underfunded. In September 2021, we joined eight private funders in a new commitment - the Protecting our Planet Challenge. Together, we pledged $5 billion over the next ten years to protect and conserve at least 30% of the planet's most important places for biodiversity by 2030 ('30x30').The 30x30 goal is ambitious. To ensure long-term, effective and equitable nature conservation, we must support Indigenous peoples and local communities in their critical role as guardians of nature. At COP26 in Glasgow, we joined our partners at the Protecting our Planet Challenge in committing a total of at least $1 billion to support Indigenous peoples and local communities, uphold their power and advance their rights.The full joint announcement is available below.Protecting Our Planet ChallengeOur commitment to support Indigenous Peoples and Local Communities to secure a sustainable future for nature, climate, and people2 November 2021Glasgow, ScotlandAs we head into COP26 in Glasgow, growing worldwide consensus affirms the urgent need for transformational change. Much of humanity’s relationship with a living Earth is broken. We need bold action to protect and restore our connections with the diversity and abundance of life and take responsibility for our role in influencing climate and other Earth systems that sustain us.The Protecting Our Planet Challenge is a $5 billion private funding commitment to support the protection of at least 30% of the planet by 2030. This largest-ever commitment of its kind is aimed at tackling Earth’s convergent climate, biodiversity, and human health crises.Over the next decade the nine founding organizations of this commitment will support efforts to reach the 30% protection goal through strengthening and expanding protected areas and also by enhancing support for Indigenous guardianship of traditional territory. Prioritizing investment in the customary tenure of Indigenous peoples and their guardianship of territory is a bold shift, yet represents one of the most important, and most overlooked strategies for addressing the existential threats of climate change and biodiversity loss. We will work together to support projects advancing enduring protection of 30 percent of the planet in the most important places for biodiversity and climate by 2030, building collective efforts behind a more equitable, carbon neutral and nature-positive future. Meeting this goal will require greater ambition, innovation and collaboration among governments, companies, and civil society to secure the mosaic of areas necessary for success. Yet this will only be possible if we also uphold the power and advance the rights of Indigenous peoples and local communities as guardians of the irreplaceable places upon which we all depend.The partners of the Protecting Our Planet Challenge are therefore both encouraged by and enthusiastically support the ground-breaking statement issued at the UNFCCC COP 26 on “Advancing Support for Indigenous Peoples’ and Local Communities’ Tenure Rights and their Forest Guardianship”. This public-private joint commitment is an important step toward increasing support for the self-determined priorities of Indigenous peoples and local communities, and to securing or strengthening their customary tenure rights, as guardians of some of the world’s most intact and thriving forests. The $5 billion Protecting Our Planet Challenge represents the combined 10-year investment plans of individual grantmaking organizations working independently to support protected and conserved areas across a diversity of lands and seas in both non-ODA and ODA-eligible countries. We anticipate that the Protecting Our Planet Challenge will invest at least $1 billion by 2030 to support Indigenous peoples and local communities in ODA-eligible countries. This is a conservative estimate as our overall investment in IPLC tenure and guardianship of territory globally will be considerably more. Considering our global commitment to both Indigenous guardianship of territory and to ethical strengthening and expansion of protected areas, the partners of the Protecting Our Planet Challenge are developing shared guidance on core principles of practice that we will commit to and monitor as we deploy our resources, particularly relative to respectful engagement with Indigenous peoples and local communities.We believe that by committing to a shared vision and statement, as well as set of shared principles, we will bring greater coherence and impact to our work in the Protecting Our Planet Challenge. We invite other donors to join us in our support to recognizing the critical role of Indigenous peoples and local communities in the protection of nature and a more sustainable future.Signed by the Protecting Our Planet Challenge founding partners: Arcadia – a charitable fund of Lisbet Rausing and Peter BaldwinArcadia is a charitable fund of Lisbet Rausing and Peter Baldwin. It supports charities and scholarly institutions that preserve cultural heritage and the environment. Arcadia also supports projects that promote open access and all of its awards are granted on the condition that any materials produced are made available for free online.Bezos Earth FundThe Bezos Earth Fund is Jeff Bezos's $10 billion commitment to fund scientists, activists, NGOs, and other actors that will drive climate and nature solutions. By allocating funds creatively, wisely, and boldly, the Bezos Earth Fund has the potential for transformative influence in this decisive decade. Funds will be fully allocated by 2030—the date by which the United Nations' Sustainable Development Goals must be achieved.Bloomberg PhilanthropiesBloomberg Philanthropies invests in 810 cities and 170 countries around the world to ensure better, longer lives for the greatest number of people. The organization focuses on five key areas for creating lasting change: the Arts, Education, Environment, Government Innovation, and Public Health. Bloomberg Philanthropies encompasses all of Michael R. Bloomberg’s giving, including his foundation, corporate, and personal philanthropy as well as Bloomberg Associates, a pro bono consultancy that works in cities around the world. In 2020, Bloomberg Philanthropies distributed $1.6 billion. For more information, please visit bloomberg.org or follow us on Facebook, Instagram, YouTube, and Twitter. Gordon and Betty Moore FoundationGordon and Betty Moore Foundation: Gordon and Betty Moore established the foundation to create positive outcomes for future generations. In pursuit of that vision, we foster path-breaking scientific discovery, environmental conservation, patient care improvements and preservation of the special character of the San Francisco Bay Area. Our Environmental Conservation Program focuses on safeguarding the healthy ecosystems that sustain us. Re:wildRe:wild protects and restores the wild. We have a singular and powerful focus: the wild as the most effective solution to the interconnected climate, biodiversity and human health crises. Founded by a group of renowned conservation scientists together with Leonardo DiCaprio, Re:wild is a force multiplier that brings together Indigenous peoples, local communities, influential leaders, nongovernmental organizations, governments, companies and the public to protect and rewild at the scale and speed we need. Learn more at rewild.org.Nia TeroEverywhere Indigenous peoples thrive, their homelands and waters thrive, benefiting all peoples of this warming planet. This reality inspired Nia Tero’s mission of working in solidarity with Indigenous peoples to strengthen guardianship of the Earth. All of our work is alongside Indigenous peoples’ right, capacity, and acceptance of responsibility to sustain thriving natural systems within their collective territories. Our strategies fall into two interwoven pathways: 1) direct partnership with Indigenous peoples securing guardianship of their homelands and waters; and 2) efforts to expand recognition and support for Indigenous guardianship globally.Rainforest TrustRainforest Trust creates and expands protected areas in rainforests and other tropical habitats by channeling private donor support to local partners. Since 1988, our cost-effective conservation model has protected 37 million acres, helping to save species from extinction, protect biodiversity, secure land titles for indigenous people, and prevent the release of carbon that causes climate change.Rob and Melani Walton FoundationRob and Melani Walton Foundation: The mission of the Rob and Melani Walton Foundation is to elevate people, planet, and purpose by changing what people feel is possible and know is doable. The Rob and Melani Walton Foundation seeks partners who focus on the essential and interconnected elements of sustaining life, advancing all forms of knowledge, promoting understanding of healing, and increasing the sustainability of people and our planet.Wyss FoundationIn 2018 Hansjörg Wyss and the Wyss Foundation met the nature crisis by launching the Wyss Campaign for Nature. Wyss has committed $1.5 billion to the Campaign before the end of this decade, supporting Indigenous Peoples, local communities, and nations in their efforts to protect 30% of the planet by 2030. All text on this website is licensed under a Creative Commons Attribution 4.0 International License unless otherwise stated. ",220211,arcadia_220211_2_002
Arcadia joins ‘Protecting Our Planet Challenge’,https://www.arcadiafund.org.uk/news/lisbet-rausing-peter-baldwin-arcadia-join-new-protecting-our-planet-challenge,"We have joined eight private funders in a new commitment to secure a sustainable future for nature, climate and people. Together, we are pledging a total of $5 billion over the next 10 years to protect and conserve at least 30% of the planet's most important places for biodiversity by 2030 ('30x30'). This goal is in line with scientific research which indicates that conservation in the right places could protect up to 80% of plant and animal species and secure 60% of the carbon stocks and 66% of clean water sources. We must come together to protect our planet and secure our future. The new alliance will work with indigenous peoples, local communities, civil society and governments. It will support the creation, expansion and management of protected and conserved areas of land and sea, recognizing the knowledge of local communities and indigenous peoples and their guardianship of their lands.The challenges we are facing require us to set ambitious goals, and these require a substantial increase in finance. Together, we are calling other private donors to join us; and we are calling governments to adopt the 30x30 goal and commit to at least double funding to support it.Our founders, Lisbet Rausing and Peter Baldwin, said: “Protecting at least 30% of our planet by 2030 is not a luxury but a vital measure to preserve the Earth’s health and wellbeing. Private donors have a role to play, but this goal requires the commitment of all governments and of the communities that manage some of the world’s most biodiverse landscapes. We are delighted to support the Protecting Our Planet Coalition Challenge and hope that this initiative will motivate others to join us.”Read the full announcement below.Learn more about our grants to protect endangered nature.Abernethy Forest, a remnant of the Caledonian Forest, lies within the Cairngorms National Park, Scotland. Courtesy of James Shooter - scotlandbigpicture.comPrivate Funders of the New ‘Protecting Our Planet Challenge’ Announce $5 Billion Commitment to Protect and Conserve 30% of Planet by 2030. Announcement Marks Largest-Ever Private Funding Commitment To Biodiversity Conservation – Aimed at Tackling Earth’s Climate, Extinction and Health CrisesNine organizations have joined together to pledge $5 billion over the next 10 years to support the creation, expansion, management and monitoring of protected and conserved areas of land, inland water and sea, working with Indigenous Peoples, local communities, civil society and governments. This marks the
largest private funding commitment ever to biodiversity conservation. The announcement was made today at the
Transformative Action for Nature and People High Level event, bringing together several heads of state and ministers, as well as leaders from the worlds of finance, philanthropy, civil society and Indigenous Communities to commit to momentous action for nature, climate and people.This commitment to ensure 30 percent of the planet is protected and preserved in the most important places for biodiversity by 2030 is being made jointly by Arcadia – a charitable fund of Lisbet Rausing and Peter Baldwin; Bezos Earth Fund; Bloomberg Philanthropies; Gordon and Betty Moore Foundation; Nia Tero; Rainforest Trust; Re:wild; Wyss Foundation; and the Rob and Melani Walton Foundation. These private funders have made this commitment to help address three of the planet’s most life-threatening crises: the climate crisis, extinction crisis, and health crisis – with an emphasis on the role of nature and the leadership of Indigenous Peoples in solving them. Specifically, these private funders, that have launched the Protecting Our Planet Challenge, are supporting projects around the globe that will help achieve the 30x30 initiative as proposed by the High Ambition Coalition (HAC) for Nature and People, a group of 70 nations. Earlier this month, the International Union for the Conservation of Nature (IUCN), which includes governments and more than 1,400 civil society organization and Indigenous Peoples’ organizations, also endorsed the 30x30 goal as part of the post-2020 framework of the United Nations Convention on Biological Diversity.Studies show that protected areas are one of the most cost-effective ways to safeguard nature, vulnerable human populations, and climate, provided they are well-managed and respect the rights and needs of Indigenous Peoples and local communities. Research findings indicate that the conservation and effective management and guardianship of at least 30% of the planet in the most important places for biodiversity could protect up to 80% of plant and animal species, and secure 60% of the planet’s carbon stocks and 66% of the planet’s clean water.Addressing Earth’s crises with the nature-based 30x30 solution is a clear win-win-win for biodiversity, climate and people. The investment by the private funders launching the challenge will fund projects advancing 30x30, building collective efforts behind a more equitable, carbon neutral and nature positive future. Meeting this goal will require: greater ambition, innovation and collaboration between governments, companies, civil society, Indigenous Peoples and local communities; and advancing the enduring power and the rights of Indigenous Peoples and local communities as guardians of irreplaceable places upon which we all depend.Said Lisbet Rausing and Peter Baldwin of Arcadia: “Protecting at least 30% of our planet by 2030 is not a luxury but a vital measure to preserve the Earth’s health and wellbeing. Private donors have a role to play, but this goal requires the commitment of all governments and of the communities that manage some of the world’s most biodiverse landscapes. We are delighted to support the Protecting Our Planet Coalition Challenge and hope that this initiative will motivate others to join us.”“This is the decisive decade for tackling climate change, and protecting the lands and waters that serve as our life support system is an imperative in that fight,” said Andrew Steer, president and CEO of the Bezos Earth Fund. “Governments, corporations, philanthropies and NGOs have a collective role to play in reversing nature’s decline. By prioritizing the voices of Indigenous Peoples and frontline communities, protecting our most delicate and vital natural resources, and creating more equitable access to nature for all, we will ultimately help humanity and every living species on our planet thrive.” ""A global 30x30 conservation target is not an arbitrary aspiration—it is a scientific and moral necessity,"" said Antha Williams, Global Head of Climate and Environment Programs at Bloomberg Philanthropies. ""We need increased political leadership and funding to slow the alarming loss of coral reefs, mangroves, and other ecosystems critical to mitigating and adapting to climate change. Bloomberg Philanthropies is pleased to join the Protecting Our Planet Challenge, an important movement to support communities whose food, livelihoods, and health are under threat by the projected worst of climate change and loss of biodiversity."" “Protecting 30% of our planet by 2030 will take an unprecedented commitment of philanthropic, public, and private sector resources over the next decade,” explained Harvey Fineberg, president of the Gordon and Betty Moore Foundation. “If we succeed, we will have, as our esteemed founder Gordon Moore has said, “some hope of actually winning [in the environment] rather than just losing slowly.”Vicky Tauli-Corpuz, Nia Tero Board Chair and former UN Special Rapporteur on the Rights of Indigenous Peoples said: “Investing in the rights of Indigenous peoples and their guardianship of territory is one of the most important, and most overlooked, strategies for addressing the existential threats of climate change and biodiversity loss. As an organization committed to securing Indigenous guardianship of thriving ecosystems, we applaud these leading-edge funders for dramatically expanding support of this essential pathway to achieve the 30x30 targets.”Said Dr. James C. Deutsch, CEO, Rainforest Trust:
""Halting and reversing biodiversity loss and climate change requires expanding protected and conserved areas especially in tropical forests, which has been Rainforest Trust's mission for over thirty years. Developing nations and Indigenous Peoples need financing to achieve this, which is why we are pledging to more than double our level of funding between now and 2030 and urging other private and public funders to do the same.""“Nature-based solutions, especially the protection and restoration of forests, wetlands, mangroves, and other ecosystems, are, by far, the most accessible and cost-effective solutions to the ongoing climate, biodiversity, and human health crises,” said Wes Sechrest, Re:wild CEO and chief scientist. “To protect and restore the most irreplaceable areas on land and sea, we urgently need to bring together resources from governments, philanthropy, and companies to support coalitions of Indigenous and local communities, civil society, and government agencies. This new alliance will help accomplish this by catalyzing on-the-ground conservation impact.” “It’s clear there is a way forward to address the growing global biodiversity and climate crises – and it’s equally clear that now is the time to act. We must achieve our global conservation goals, such as the 161 ‘anchor areas’ in Africa as identified by African Parks, so we can protect biodiversity, sustain the millions of people that live in the region, and store carbon,” said Rob and Melani Walton of the Rob and Melani Walton Foundation. “We urge governments and businesses around the world to match our unwavering commitment to protecting people and the planet, so communities and nature can thrive together.” “For our grandchildren and their grandchildren to inherit a balanced, functioning planet, we have to rapidly slow the rate at which our economies are destroying nature,” said Hansjörg Wyss, Founder and Chairman of the Wyss Foundation. “This challenge is why I continue working alongside local communities, Indigenous Peoples, and nations to quickly narrow the enormous gap between how little of the natural world is protected and how much needs to be protected.”The Protecting Our Planet Challenge urgently calls for additional private and governmental financial support behind 30x30 as the climate crisis is threatening communities and wildlife across the globe; 75 percent of the land and most of the ocean have been transformed by human impact; a million species are threatened by extinction this century; and the COVID-19 pandemic that rages across the world and is linked to wildlife trade has killed more than 4.5 million people.More on the Founding Organizations of the Protecting Our Planet ChallengeArcadia – a charitable fund of Lisbet Rausing and Peter BaldwinArcadia is a charitable fund of Lisbet Rausing and Peter Baldwin. It supports charities and scholarly institutions that preserve cultural heritage and the environment. Arcadia also supports projects that promote open access and all of its awards are granted on the condition that any materials produced are made available for free online.Bezos Earth FundThe Bezos Earth Fund is Jeff Bezos's $10 billion commitment to fund scientists, activists, NGOs, and other actors that will drive climate and nature solutions. By allocating funds creatively, wisely, and boldly, the Bezos Earth Fund has the potential for transformative influence in this decisive decade. Funds will be fully allocated by 2030—the date by which the United Nations' Sustainable Development Goals must be achieved.Bloomberg PhilanthropiesBloomberg Philanthropies invests in 810 cities and 170 countries around the world to ensure better, longer lives for the greatest number of people. The organization focuses on five key areas for creating lasting change: the Arts, Education, Environment, Government Innovation, and Public Health. Bloomberg Philanthropies encompasses all of Michael R. Bloomberg’s giving, including his foundation, corporate, and personal philanthropy as well as Bloomberg Associates, a pro bono consultancy that works in cities around the world. In 2020, Bloomberg Philanthropies distributed $1.6 billion. For more information, please visit bloomberg.org or follow us on Facebook, Instagram, YouTube, and Twitter. Gordon and Betty Moore FoundationGordon and Betty Moore Foundation: Gordon and Betty Moore established the foundation to create positive outcomes for future generations. In pursuit of that vision, we foster path-breaking scientific discovery, environmental conservation, patient care improvements and preservation of the special character of the San Francisco Bay Area. Our Environmental Conservation Program focuses on safeguarding the healthy ecosystems that sustain us. Re:wildRe:wild protects and restores the wild. We have a singular and powerful focus: the wild as the most effective solution to the interconnected climate, biodiversity and human health crises. Founded by a group of renowned conservation scientists together with Leonardo DiCaprio, Re:wild is a force multiplier that brings together Indigenous peoples, local communities, influential leaders, nongovernmental organizations, governments, companies and the public to protect and rewild at the scale and speed we need. Learn more at rewild.org.Nia TeroEverywhere Indigenous peoples thrive, their homelands and waters thrive, benefiting all peoples of this warming planet. This reality inspired Nia Tero’s mission of working in solidarity with Indigenous peoples to strengthen guardianship of the Earth. All of our work is alongside Indigenous peoples’ right, capacity, and acceptance of responsibility to sustain thriving natural systems within their collective territories. Our strategies fall into two interwoven pathways: 1) direct partnership with Indigenous peoples securing guardianship of their homelands and waters; and 2) efforts to expand recognition and support for Indigenous guardianship globally.Rainforest TrustRainforest Trust creates and expands protected areas in rainforests and other tropical habitats by channeling private donor support to local partners. Since 1988, our cost-effective conservation model has protected 37 million acres, helping to save species from extinction, protect biodiversity, secure land titles for indigenous people, and prevent the release of carbon that causes climate change.Rob and Melani Walton FoundationRob and Melani Walton Foundation: The mission of the Rob and Melani Walton Foundation is to elevate people, planet, and purpose by changing what people feel is possible and know is doable. The Rob and Melani Walton Foundation seeks partners who focus on the essential and interconnected elements of sustaining life, advancing all forms of knowledge, promoting understanding of healing, and increasing the sustainability of people and our planet.Wyss FoundationIn 2018 Hansjörg Wyss and the Wyss Foundation met the nature crisis by launching the Wyss Campaign for Nature. Wyss has committed $1.5 billion to the Campaign before the end of this decade, supporting Indigenous Peoples, local communities, and nations in their efforts to protect 30% of the planet by 2030. All text on this website is licensed under a Creative Commons Attribution 4.0 International License unless otherwise stated. ",220211,arcadia_220211_2_003
Arcadia founders join a call urging donor and foundations to increase environmental giving,https://www.arcadiafund.org.uk/news/lisbet-rausing-peter-baldwin-join-call-to-donors-and-foundations,"As the UK prepares for a critical year for environmental policy, with the hosting of the G7 summit and the Cop26 UN climate talks, Arcadia founders Lisbet Rausing and Peter Baldwin have joined a call for greater support to environmental causes from donors and foundations. Environmental philanthropy funds vital work that cannot be undertaken by governments and the private sector. It can be used to take risks, to fund transformative solutions and to push for change. Yet grants to protect and rehabilitate nature account for less than 4% of total giving from UK trusts and foundations and less than 2% goes to support action on climate. Some of the UK's leading environmental philanthropists have signed the letter. The Environmental Funders Network, which is coordinating the initiative, will send it to the UK's wealthiest families and largest foundations.Learn more about our grants to protect endangered nature.Read the full letter below or here.Mediterranean Monk Seal. Photo by Zafer Kizilkaya. © Courtesy of Fauna & Flora International.Letter to Philanthropists - June 2021All text on this website is licensed under a Creative Commons Attribution 4.0 International License unless otherwise stated. ",220211,arcadia_220211_2_004
New grant will support the second phase of the Endangered Landscapes Programme,https://www.arcadiafund.org.uk/news/new-grant-to-continue-the-endangered-landscapes-programme,"We are delighted to continue our support to the Endangered Landscapes Programme (ELP) with a new grant of $34.9m. We set up the ELP with the Cambridge Conservation Initiative in 2016 to support large-scale restoration projects across Europe’s most treasured, but endangered, land and seascapes. The programme funded eight large-scale on-the-ground restoration projects and supported work to plan new, innovative restoration initiatives. Read about current ELP projects here.Read the full press release below or here.An aerial photo of the River Pripyat in Polesie, Belarus, and its surrounding floodplain meadows, wetlands and oxbow lakes. This is an extremely important site for migrating birds. Photo by Daniel Rosengren. Courtesy of the Endangered Landscapes Programme. Read about this ELP project here.Press release: The Endangered Landscapes Programme awarded second phase of funding to restore more landscapes in EuropeThe Endangered Landscapes Programme (ELP) is thrilled to announce a second phase of funding from Arcadia, a charitable fund of Lisbet Rausing and Peter Baldwin. The ELP, managed by the Cambridge Conservation Initiative (CCI), supports a vision for Europe’s land and seascapes in which biodiversity and ecosystem processes are restored for the benefit of people and nature.Humanity’s dependence on healthy landscapes – to provide us with clean air and water, to feed us, to offer inspiration and connection with nature – is more apparent than ever. Europe has suffered, and continues to suffer, from ecological decline; from biodiversity loss and erosion of ecosystem services, to the degradation and fragmentation of habitats on a massive scale. The restoration of degraded landscapes and revival of the natural systems which sustain us has never been more urgent. The ELP is part of a response to growing calls for reversing biodiversity loss, tackling climate change, and creating resilient, nature-based economies. At a time when humankind and nature face a precarious future, the Endangered Landscapes Programme offers hope for positive and sustainable change.The ELP was established in 2016, thanks to an inaugural award of $30 million (£23 million) from Arcadia. The large-scale restoration projects across Europe that it funds demonstrate the potential for nature to recover. Building on the success of this first phase, the Programme has received a further gift of $34.9million (£26m), thanks to the generosity of Arcadia and their trusted relationship with the University of Cambridge and CCI.“All of us at Arcadia are inspired and encouraged by the progress that the Endangered Landscapes Programme has achieved to date, and especially by the motivation and commitment of the project teams working to realise the programme’s vision. Their projects illustrate the variety of landscapes that exist across Europe, and the tremendous potential offered by the restoration of their natural wealth. We look forward to seeing the next generation of projects come to fruition, working together with communities, organisations, and local governments to restore resilient, self-sustaining landscapes that benefit both nature and people.” — Lisbet Rausing and Peter Baldwin, Arcadia’s foundersArcadia has long-supported conservation efforts and awarded more than $300 million in environmental grants since 2002. Their mission to safeguard and restore biodiversity on land and sea is shared by CCI, a unique collaboration between nine conservation organisations and the University of Cambridge seeking to transform biodiversity conservation. By catalysing strategic partnerships between leaders in research, education, policy and practice CCI aims to transform the global understanding and conservation of biodiversity and, through this, secure a sustainable future for nature and society.“We are extremely grateful to Arcadia for providing this second phase of funding for the Endangered Landscapes Programme. Through this flagship programme, the Cambridge Conservation Initiative is restoring vital landscapes and ensuring the future of biodiversity across swathes of Europe.”— Professor Stephen J Toope, Vice-Chancellor of the University of CambridgeProjects currently being funded by the ELP are already showing the benefits to be won from restoring nature at the landscape-scale. For example, in the Danube delta, dam removal is restoring river connectivity, improving river flow for migratory fish species and allowing restored vegetation to support spawning grounds. The translocation of keystone species like water buffalo, konik horses, kulan and eagle owl is helping to create a diverse mosaic of habitats for other species, as well as providing opportunities for nature-based tourism.On the coast of Southwest Turkey, a project has restored caves used as breeding habitat by the Critically Endangered Mediterranean monk seal, and in northern Portugal teams are working to extend the range of native roe deer populations to support the Endangered Iberian wolf and help reduce predation on domestic livestock like sheep and cattle. All of these initiatives are underpinned by capacity development, lesson-learning and robust monitoring to determine what does and does not work in restoration with results made available open-access to help build knowledge in the wider restoration field.This major philanthropic funding sends a strong signal for the importance of restoration in Europe, and beyond, and comes at an opportune time given the UN’s decision to make 2021 – 2030 a ‘Decade on Ecosystem Restoration’.“With this additional funding, the ELP can ensure that more landscapes are protected and restored, support the recovery of key species and natural processes, help create sustainable, nature-based economies, contribute to climate change mitigation, and provide more opportunities for people to reconnect with nature. We look forward to sharing the positive stories and outcomes enabled by this additional funding.” – Dr David Thomas, Endangered Landscapes Programme DirectorAll text on this website is licensed under a Creative Commons Attribution 4.0 International License unless otherwise stated. ",220211,arcadia_220211_2_005
New grant to continue the Endangered Material Knowledge Programme,https://www.arcadiafund.org.uk/news/new-grant-to-continue-the-endangered-material-knowledge-programme,"We are delighted to continue our support to the Endangered Material Knowledge Programme (EMKP). We set up the programme with the British Museum in 2018 to record endangered practices, skills and knowledge of the material world and to make these records freely available online. In its two rounds of grants so far, the EMKP has funded projects in 24 countries. Our new grant of £8.8m will support the programme for an additional seven years, and help to preserve more critically endangered heritage in greater detail.Read a blog about six of the EMKP projects - in Ghana, Kenya, Vanuatu, Nigeria, Japan and Cambodia.Read the full press release below or here.Press release: British Museum receives its largest single grant in a decade from Arcadia Endangered Material Knowledge Programme is extended for a further 7 years 
The EMKP is a ground-breaking initiative that awards grants across the globe to preserve knowledge of the material world. Working at all scales from the small, domestic world of daily cooking and eating cultures, to the special and extraordinary worlds of ritual events, this programme collects knowledge of how individuals and communities uniquely make and shape their worlds. In a rapidly changing global environment, this material knowledge – be it social, economic, symbolic or ecological – is the key to sustaining communities and preserving the rich diversity of global culture into the future, and to prevent them being lost forever. As part of the grant British Museum experts offer specialist training to grantees in a wide variety of tools and methods that can be used during the documentation process, including different media such as films, photographs, interviews, drawings, maps and 3D reconstruction. Once this material has been collated, it is uploaded onto an open access digital database hosted by the British Museum, and a digital copy is also shared with a partner in the country of work so that it remains close to the community whose cultural heritage it represents. By working together with experts and communities across the world, the approach of the EMKP continues the British Museum’s work to share and preserve knowledge of human history, with global collaboration remaining at the heart of all future partnerships.The EMKP began awarding grants in 2018, and since then projects in 24 countries [1]
have been supported. Recently concluded projects include work on beekeeping in Kenya, paper clothes making in Japan and the traditions of mouth harp making and playing in Cambodia. As well as increasing the number of projects to be supported, the landmark grant from Arcadia will allow the British Museum to support larger projects and to preserve additional critically endangered heritage in greater detail. The grant will also increase the in-house EMKP team at the British Museum with two new members of staff, who will focus on curating the digital records for the repository. This enhancement of the programme follows a growth in demand for the second round of grants in 2020 which saw an increase of over 20% of applications from the first round, demonstrating the desire and urgent need for funding to protect at-risk cultural heritage. Critically, nearly 60% of all applications have come from researchers based in, or from, the country of work, ensuring a truly global approach and outlook. This will ensure that in these ever-uncertain times, that the work of the EMKP and the grants available can reach as many communities and academic research facilities as possible.The third round of applications for EMKP grants is now open. Following on from the success of grants awarded in 2019 and 2020, this funding is available to anybody to carry out documentation work on active material practices and knowledge systems. Applications are particularly encouraged for projects that will carry out work in areas and countries with limited local funding infrastructure, where this EMKP funding can make the most difference and save living heritage that may otherwise disappear. There is no restriction on the nationality of the applicants, nor on the regional coverage of the work being proposed, making the EMKP a truly global initiative. The deadline for applications for the new grant round is 31 January 2021.Hartwig Fischer, Director of the British Museum said “The British Museum was created to preserve our shared human history for future generations and the Endangered Material Knowledge Project (EMKP) is a vital extension of this work into the 21st
century. With this most generous pledge from Arcadia, Museum experts can continue to work with communities and colleagues around the globe to preserve material practices that may otherwise be lost. Through this programme, Lisbet Rausing and Peter Baldwin are enabling us to provide the skills and resources to create a heritage storehouse for future generations.” Lisbet Rausing and Peter Baldwin, Co-founders of Arcadia said: “We are delighted to renew our support for the Endangered Material Knowledge Programme. In our rapidly changing world, this programme helps preserve the richness, diversity and complexity of human knowledge. We are grateful for the passion of EMKP’s grantees and the communities who have shared their wisdom, and for the British Museum’s expertise and support of this work. This endeavour will safeguard disappearing knowledge and make it freely accessible for the benefit of generations to come.” Ceri Ashley, Head of EMKP, said: “We have been lucky enough to continue working on EMKP throughout lockdown thanks to the continued support from Arcadia. This meant that we could carry on working with our international advisory panel to review and select the next round of grants, and ensure this vital work – now ever more threatened by the effects of the global pandemic – can continue. In the last few months we have offered grants for work on stone walling in Zimbabwe – a practice that can be dated back hundreds of years to the World Heritage Site of Great Zimbabwe, ceramic production in Ecuador, Peru, Ethiopia and Papua New Guinea, and a project that works with the Dalai Lama’s tailor to record the rituals and traditions of how his clothes are made.” Endangered Material Knowledge Programme (EMKP) The Endangered Material Knowledge Programme (EMKP) is the first programme of its kind relating to the material world and offers grants to researchers globally to undertake detailed fieldwork to record disappearing or endangered practices. Societies around the globe are changing at an unprecedented rate, and specialist, locally informed knowledge is in danger of being lost - knowledge that has helped communities thrive in unique environmental, social and cultural contexts. This programme will focus on fieldwork in areas of the world where material practices and knowledge are recognized as endangered or threatened in some way, by awarding grants to enable scholars and local communities to collect knowledge of their unique material lives, and share this richness globally. The Department of Africa, Oceania and the Americas at the British MuseumThe British Museum houses one of the finest collections of art and artefacts in existence, representing the world’s cultural heritage for the benefit of the public. Founded in 1753, it encourages people to explore their culture and history, and how it relates to wider world histories. The collection of the Department of Africa, Oceania and the Americas includes around 350,000 objects, representing the cultures of the indigenous peoples across four continents.[1]
Benin, Botswana, Brazil, Burkino Faso, Cambodia, Democratic Republic of Congo, Ecuador, Ethiopia, Ghana, India, Japan, Kenya, Malaysia, Morocco, Nigeria, Papua New Guinea, Peru, Somaliland, South Sudan, Thailand, Vanuatu, Vietnam, Zambia, and ZimbabweAll text on this website is licensed under a Creative Commons Attribution 4.0 International License unless otherwise stated. ",220211,arcadia_220211_2_006
New grant to the National Library of Israel,https://www.arcadiafund.org.uk/news/new-grant-national-library-of-israel,"Our new three-year grant to the National Library of Israel will support the digitization of more than 2,500 rare Islamic manuscripts and books from the Library’s collection. It will enable free online access to high-resolution images of texts in Arabic, Persian, and Turkish, dating from the ninth to the 20th centuries, some too delicate for permanent physical display.Read the National Library of Israel’s press release (originally posted here):National Library of Israel and Arcadia Fund announce major initiative to open digital access to over 2,500 rare Islamic texts• Collection to include priceless treasures from across Islamic world from past thousand years• Platform to provide free global access to hi-res images, user-friendly toolsThe National Library of Israel (NLI) in Jerusalem has announced that with a generous grant from Arcadia, a charitable fund of Lisbet Rausing and Peter Baldwin, it will be opening digital access to over 2,500 rare Islamic manuscripts and books from its world-class collection.The project will include digitization and uploading of high-resolution images; improving item descriptions in Arabic and English; and the design and development of a tri-lingual (English-Hebrew-Arabic) digital platform. As an important preliminary step, NLI conservation and preservation experts will also meticulously review all of the items to be scanned, undertaking critical preservation and conservation measures for any items found to be in problematic physical condition.The digital platform will enable users from around the world to discover and enjoy the entire collection, featuring high-resolution images accompanied by user-friendly search options, tools and content. The project is expected to be completed in three years’ time.The newly digitized materials will include an exquisite Iranian copy of the great Persian mystical poet Nur al-Din Jami’s collection “Tuhfat al-Ahrar”, produced in 1484 just a few years after its composition, during the poet’s lifetime. Each page of the manuscript is illuminated with a different background in gold leaf. The opening and closing pages have double-sided miniatures that were added later, apparently in the 17th and 18th centuries. Other collection treasures include gorgeous Qur’ans and a range of literary works decorated with gold leaf and lapis lazuli, from across the Muslim world.The NLI’s Islam and Middle East Collection is home to thousands of manuscripts and rare books in Arabic, Persian, and Turkish, dating from the ninth to the 20th centuries. The majority of the manuscripts were acquired and donated by Abraham Shalom Yahuda (1877-1951), a Jerusalem-born Arab-Jewish scholar and one of the most important Islamic manuscript collectors of the early 20th century. The collection holdings span all major Islamic disciplines and literary traditions. Highlights include illuminated items from royal Mamluk, Mughal, and Ottoman libraries; scholarly works copied during or near the lifetimes of their authors; and later autograph copies. It also serves as a leading research collection serving scholars with contemporary works related to Islamic and Middle Eastern culture.Dr. Raquel Ukeles, Curator of the Islam and Middle East Collection, National Library of Israel: “We are privileged to open digital access to these treasures and hope that this project will contribute to greater understanding and shared inquiry related to Islamic civilization. It is one of a number of initiatives connecting the National Library of Israel in Jerusalem with the global community.”Professor Peter Baldwin, co-founder and chairman of Arcadia: “We are pleased to support the National Library of Israel to provide free access to its exceptional collection to people around the world”.About the National Library of IsraelFounded in Jerusalem in 1892, the National Library of Israel (NLI) serves as the dynamic collective memory of the Jewish people worldwide and Israelis of all backgrounds and faiths. While continuing to serve as Israel’s pre-eminent research library, NLI has recently embarked upon an ambitious journey of renewal to encourage diverse audiences in Israel and around the globe to engage with its treasures in new and meaningful ways. This is taking place through a range of innovative educational, cultural and digital initiatives, as well as through a new landmark campus designed by Herzog and de Meuron, with Mann-Shinar serving as the Executive Architect. The new campus is currently under construction adjacent to the Knesset (Israeli Parliament) in Jerusalem, and is on schedule to be completed in 2021.NLI has four core collections: Israel, Judaica, Islam and Middle East, and the Humanities. Highlights include significant handwritten works by luminaries such as Maimonides and Sir Isaac Newton, exquisite Islamic manuscripts dating back to the ninth century and the personal archives of leading cultural and intellectual figures including Martin Buber, Natan Sharansky and Naomi Shemer. The National Library holds the world’s largest collections of textual Judaica, Jewish and Israeli music, and maps of Jerusalem and the Holy Land, as well as world-class collections of manuscripts, ancient maps, rare books, photographs, communal and personal archival materials, and more.The new NLI campus, currently under construction adjacent to the Knesset (Israeli Parliament) in Jerusalem, is scheduled to open in 2022. The building and its surrounding gardens and plazas will reflect the central values of democratizing knowledge and opening the National Library’s world-class collections and resources to as broad and diverse an audience as possible. Within its 45,000 square meters (480,000 sq. ft.) of space, it will provide venues for exhibitions, as well as cultural and educational programming in a secure, sustainable and state-of-the-art environment. Partners in the building renewal project are led by the Government of Israel, the Rothschild Family through the auspices of Yad Hanadiv, and the David S. and Ruth L. Gottesman Family of New York.All text on this website is licensed under a Creative Commons Attribution 4.0 International License unless otherwise stated. ",220211,arcadia_220211_2_007
