Pais,link,prj_titulo,prj_valor,prj_brazil
Brazil,,Fiscal Management Modernization of the State of Rondonia - PROFISCO II RO,"27,730,800.00",Y
Brazil,,Fiscal Balance Support Program of Pernambuco,"345,000,000.00",Y
Brazil,,Innovation Horizons: Digital Innovation Program for the economic and social development of the State of Paraíba,"109,000,000.00",Y
Brazil,,Alagoas More Digital - Digital Transformation of Alagoas's State Government,"15,000,000.00",Y
Brazil,,Fortaleza Urban Transportation Program III,"92,000,000.00",Y
Brazil,,Health Care Network Strengthening Program - PROREDES Sergipe,"36,000,000.00",Y
Brazil,,Fiscal Management Modernization Project for the District Federal - PROFISCO II DF,"60,000,000.00",Y
Brazil,,Sustainable Cattle Ranching and Beef Supply Chain Resource Efficiency in the State of Mato Grosso,"12,573,881.00",Y
Brazil,,Innovations for the Sustainable Development of Brazil's Amazon,"450,000.00",Y
Brazil,,Evaluation of two parenting programs to reduce violence and improve child development ready for school - PIÁ Trial 3-year follow-up,"88,424.00",Y
Brazil,https://www.iadb.org/pt/project/BR-L1513,Fiscal Management Modernization of the State of Santa Catarina - PROFISCO II SC,"50,000,000.00",Y
Brazil,https://www.iadb.org/pt/project/BR-L1542,"Integrated Project for Water Security, Environmental Sustainability and Socio-productive Development of the Piauí and Canindé Rivers Basin, State of Piauí - Sustainable and Inclusive Piaui (PSI)","100,000,000.00",Y
Brazil,https://www.iadb.org/pt/project/BR-L1564,Program for the Digital Transformation of Ceara's State Government (Program Ceara Mas Digital),"31,000,000.00",Y
Brazil,https://www.iadb.org/pt/project/BR-L1566,New Innovation Financing Instruments for the State of São Paulo,"195,000,000.00",Y
Brazil,https://www.iadb.org/pt/project/BR-L1568,Strengthening the Unified Health System and Support the Post-pandemic in Santo André,"40,000,000.00",Y
Brazil,https://www.iadb.org/pt/project/BR-L1589,Subnational Road Infrastructure Qualification Program - InfraRodoviária Ceará,"150,000,000.00",Y
Brazil,https://www.iadb.org/pt/project/BR-L1593,Fiscal Management Modernization Project for the State of Amazonas - PROFISCO II AM,"41,000,000.00",Y
Brazil,https://www.iadb.org/pt/project/BR-T1463,Forest Management Information for the Conservation and Valorization of Forest Resources in Brazil,"9,700,000.00",Y
Brazil,https://www.iadb.org/pt/project/BR-T1497,Development of Battery Energy Storage System (BESS) Investment Projects and Policy and Regulatory Support,"1,000,000.00",Y
Brazil,https://www.iadb.org/pt/project/BR-T1501,Behavioral Nudges for Early Childhood Development,"84,211.00",Y
Brazil,,Emergency support to the states of Bahia and Minas Gerais in Brazil for the massive flooding in late 2021,"200,000.00",Y
Brazil,,"Program BID-BNDES to Finance the Sustainable and Productive Recovery of Micro, Small and Medium Enterprises (MSMEs)","5,000,000.00",Y
Brazil,,Program to Support Agricultural Development in the Northeast - AgroNordeste,"230,000,000.00",Y
Brazil,,Pará Sanitation Development Project - PRODESAN PARÁ,"100,000,000.00",Y
Brazil,,Social and Environmental Program of Manaus and the Interior - PROSAMIN,"80,000,000.00",Y
Brazil,,Scaling-Up Sustainable Debt Capital Markets Financing for Brazil´s Economic Recovery,"315,000.00",Y
Brazil,,Fiscal Management Modernization Project for the State of Sergipe  PROFISCO II/SE,"27,900,000.00",Y
Brazil,,Strengthening the management of public finances in Brazil,"300,000.00",Y
Brazil,,"SIRWASH - Sustainable and Innovative Rural Water, Sanitation and Hygiene in Brazil","875,000.00",Y
Brazil,,Federative Program for Smart Public Security (PROSEG-Federativo),"150,000,000.00",Y
Brazil,https://www.iadb.org/pt/project/BR-X1041,Business Travel Hotels Support Facility in Brazil,"75,000,000.00",Y
Brazil,https://www.iadb.org/pt/project/BR-L1576,"Program BID-BNDES to Finance the Sustainable and Productive Recovery of Micro, Small and Medium Enterprises (MSMEs)","250,000,000.00",Y
Brazil,https://www.iadb.org/pt/project/BR-O0008,Agriculture and Sustainable Development Program,"1,200,000,000.00",Y
Brazil,https://www.iadb.org/pt/project/BR-T1475,"Improving Innovation, Efficiency and Equality on Educational Systems","350,000.00",Y
Brazil,https://www.iadb.org/pt/project/BR-T1496,Leverage the use of Big Data solutions for Brazilian Smart Cities,"200,000.00",Y
Brazil,https://www.iadb.org/pt/project/BR-T1486,"Strengthening the institutional network of development finance institutions in Brazil for a digital, inclusive, diverse, and sustainable recovery.","150,000.00",Y
Brazil,https://www.iadb.org/pt/project/BR-L1551,Program Education for the Future of Paraná's state,"90,560,000.00",Y
Brazil,https://www.iadb.org/pt/project/BR-L1539,Fiscal Management Modernization Project for the State of Mato Grosso - PROFISCO II - MT,"56,279,900.00",Y
Brazil,https://www.iadb.org/pt/project/BR-T1462,Low Carbon Agriculture for Avoided Deforestation and Poverty Reduction Phase II - Strengthening Sustainable Value Chains in the Amazon,"9,630,000.00",Y
Brazil,https://www.iadb.org/pt/project/BR-T1473,Support to PROSEG-Federativo's Subnational Governments,"150,000.00",Y
Brazil,,Fiscal Management Modernization Project for the State of Alagoas - PROFISCO II AL,"36,000,000.00",Y
Brazil,,Support for the Development and Implementation of the National Regulation of Basic Sanitation Services of Brazil,"600,000.00",Y
Brazil,,Support for Sebrae´s Smart Tourism Destinations Program,"500,000.00",Y
Brazil,,Beyond Extraction (Phase II): value chain strengthening around mining in Minas Gerais,"600,000.00",Y
Brazil,,Support for Public Finance Structural Reforms in Brazil,"300,000.00",Y
Brazil,,Dolado: Favela's MSME Digital Ecosystem,"1,500,000.00",Y
Brazil,,Support for the Development of New Innovation Instruments,"350,000.00",Y
Brazil,,Support to the Digital Transformation of Municipalities,"150,000.00",Y
Brazil,,Support to the Connectivity Infrastructure Sector of the CCLIP Brasil Mais Digital,"300,000.00",Y
Brazil,,Structuring an Innovative Handicraft Value Chain for the Migrant Warao´s Indigenous Population,"250,000.00",Y
Brazil,https://www.iadb.org/pt/project/BR-T1489,Financing for the Amazon: Strengthening the Financial Ecosystem for Amazon Bio-Businesses (FinAm),"300,000.00",Y
Brazil,https://www.iadb.org/pt/project/BR-T1487,Analysis and Reforms for the Brazilian Federalism in the Post Covid,"200,000.00",Y
Brazil,https://www.iadb.org/pt/project/BR-T1485,Innovation technology centers for family agriculture,"400,000.00",Y
Brazil,https://www.iadb.org/pt/project/BR-T1472,Support to the Modernization of the National Justice Council,"150,000.00",Y
Brazil,https://www.iadb.org/pt/project/BR-T1482,Strategies for labor market recovery in Brazil,"200,000.00",Y
Brazil,https://www.iadb.org/pt/project/BR-T1474,Design of Integral Urban Development Projects for Brazilian Municipalities,"450,000.00",Y
Brazil,https://www.iadb.org/pt/project/BR-T1471,Brazil Mais Digital Implementation Support - Digital Government Axis,"250,000.00",Y
Brazil,https://www.iadb.org/pt/project/BR-T1478,Sustainable Transport and Logistics in Brazil (InfraLog),"800,000.00",Y
Brazil,https://www.iadb.org/pt/project/BR-T1468,"Leveraging Sustainable Tourism in agricultural landscapes of Northeast of Brazil, in the context of climate change and post-pandemic COVID-19 scenarios","340,000.00",Y
Brazil,https://www.iadb.org/pt/project/BR-T1479,Leveraging EdTechs to Bridge Learning Gaps and Prevent School Dropout,"700,000.00",Y
