opo_titulo,link,opo_brazil,opo_texto,opo_texto_ele,opo_deadline,opo_tipo,atualizacao,codigo
Arturo Falaschi PhD Fellowships 2023,https://www.icgeb.org/fellowships/arturo-falaschi-phd-fellowships-2023/,N,ICGEB offers postgraduate studies with the aim of obtaining the “Doctor Philosophiae” (PhD) degree in the life sciences.,"Applicants must be nationals of an ICGEB Member State. Nationals of India and South Africa, ICGEB Host Countries, are not eligible to apply for ICGEB Fellowships in their home country.Degree requirements: applicants for ICGEB Trieste should hold a BSc (Honours) degree; applicants for ICGEB Cape Town and New Delhi should hold an MSc degree.Candidates must have a good working knowledge of the English language, supported by a proficiency certificate (TOEFL, Cambridge Certificate, or equivalent). Not required when scholastic education has been undertaken in English.Candidates for Trieste, Italy, must be below the age of 32 years at the time of application. There is no age limit for applications for ICGEB New Delhi and Cape Town.",31 MARCH 2023,fellowship,220211,ICGEB_220211_01_001
Arturo Falaschi Short-term PhD Fellowships – September 2022,https://www.icgeb.org/fellowships/short-term-phd-fellowships-2023/,N,ICGEB offers Short-term fellowships for Pre-doctoral studies in ICGEB Component laboratories to fund ongoing collaborative research between scientists from ICGEB Member States and research groups at ICGEB laboratories.,"Applicants must be nationals of an ICGEB Member State and may not apply for fellowships to be undertaken in their country of origin, unless working abroad at the time of application.Degree requirements: applicants for ICGEB Trieste and Cape Town should hold a BSc (Honours) degree; applicants for ICGEB New Delhi should hold a MSc degree.Candidates must have a good working knowledge of the English language, supported by a proficiency certificate (TOEFL, Cambridge Certificate, or equivalent). Not required when scholastic education has been undertaken in English.",30 SEPTEMBER 2022,fellowship,220211,ICGEB_220211_01_002
Arturo Falaschi Postdoctoral Fellowships 2022,https://www.icgeb.org/fellowships/arturo-falaschi-postdoctoral-fellowships-2023/,N,ICGEB offers competitive Postdoctoral Fellowships in Life Sciences to highly motivated scientists wishing to pursue postdoctoral research in a world-class scientific environment.,"Applicants must be nationals of an ICGEB Member State and may not apply for fellowships to be undertaken in their country of origin, unless they have been working abroad for, at least, the last 3 years and at the time of application.Degree requirements: applicants should hold a recent PhD in Life Sciences or have at least 3 years research experience.Preference is given to candidates below the age of 35.",30 SEPTEMBER 2022,fellowship,220211,ICGEB_220211_01_003
Smart Fellowships – September 2022,https://www.icgeb.org/fellowships/smart-fellowships-9-22/,N,The ICGEB SMART Fellowship programme promotes the mobility of researchers between ICGEB Member States.,"The call is open to nationals of ICGEB Member States and provides fellowships to scientists in the early stage of their career wishing to spend between 3 and 9 months at a research institution in an ICGEB Member State other than their own. SMART Fellowships are intended to promote collaborationamong researchers in ICGEB Member Countries. Mobility support to laboratories located in Italy, India and South Africa can be considered under exceptional circumstances and only if the research activity proposed is not covered by one of the ICGEB laboratories in Trieste, New Delhi or Cape Town. If the latter case applies, please see ICGEB Arturo Falaschi Short-term fellowships programme. There is no age limit.However, preference is given to young scientists at the beginning of their research career.Applicants should be either registered for a PhD or have obtained their PhD degree within the last 5 years and be actively working in a research Institution.Young scientists holding an MSc or equivalent can apply. SMART Fellowships support mobility between laboratories located in Member States. Awards are not intended to prolong visits begun under other auspices; to support participation in courses, workshops or symposia or as bridging fellowships between, or prior to, long term stays funded by ICGEB or other organizations.",30 SEPTEMBER 2022,fellowship,220211,ICGEB_220211_01_004
Arturo Falaschi Short-term Postdoctoral Fellowships,https://www.icgeb.org/fellowships/arturo-falaschi-short-term-postdoc-fellowships/,N,ICGEB offers Short-term fellowships for Postdoctoral studies in ICGEB Component laboratories to fund ongoing collaborative research between scientists from ICGEB Member States and research groups at ICGEB laboratories.,"Applicants must be nationals of an ICGEB Member State and may not apply for fellowships to be undertaken in their country of origin, unless they have been working abroad for, at least, the last 3 years and at the time of application.Degree requirements: applicants should hold a recent PhD in Life Sciences or have at least 3 years research experience.Preference is given to candidates below the age of 35.",31 MARCH 2022,fellowship,220211,ICGEB_220211_01_005
Arturo Falaschi Postdoctoral Fellowships,https://www.icgeb.org/fellowships/arturo-falaschi-postdoctoral-fellowships/,N,ICGEB offers competitive Postdoctoral Fellowships in Life Sciences to highly motivated scientists wishing to pursue postdoctoral research in a world-class scientific environment.,"Applicants must be nationals of an ICGEB Member State and may not apply for fellowships to be undertaken in their country of origin, unless they have been working abroad for, at least, the last 3 years and at the time of application.Degree requirements: applicants should hold a recent PhD in Life Sciences or have at least 3 years research experience.Preference is given to candidates below the age of 35.",31 MARCH 2022,fellowship,220211,ICGEB_220211_01_006
Arturo Falaschi PhD Fellowships,https://www.icgeb.org/fellowships/arturo-falaschi-phd-fellowships/,N,"ICGEB offers postgraduate studies with the aim of obtaining the “Doctor Philosophiae” (PhD) degree in the life sciences. Thanks to specific agreements, the title can be awarded through a number of academic institutions of international standing.","Applicants must be nationals of an ICGEB Member State. Nationals of India and South Africa, ICGEB Host Countries, are not eligible to apply for ICGEB Fellowships in their home country.Degree requirements: applicants for ICGEB Trieste should hold a BSc (Honours) degree; applicants for ICGEB Cape Town and New Delhi should hold a MSc degree.",31 MARCH 2022,fellowship,220211,ICGEB_220211_01_007
Arturo Falaschi Short-term PhD Fellowships,https://www.icgeb.org/fellowships/arturo-falaschi-postdoctoral-fellowships_2022/,N,ICGEB offers Short-term fellowships for Pre-doctoral studies in ICGEB Component laboratories to fund ongoing collaborative research between scientists from ICGEB Member States and research groups at ICGEB laboratories.,"Applicants must be nationals of an ICGEB Member State and may not apply for fellowships to be undertaken in their country of origin, unless working abroad at the time of application.Degree requirements: applicants for ICGEB Trieste and Cape Town should hold a BSc (Honours) degree; applicants for ICGEB New Delhi should hold a MSc degree.Candidates must have a good working knowledge of the English language, supported by a proficiency certificate (TOEFL, Cambridge Certificate, or equivalent). Not required when scholastic education has been undertaken in English.",31 MARCH 2022,fellowship,220211,ICGEB_220211_01_008
SMART Fellowships,https://www.icgeb.org/fellowships/smart-fellowships/,N,"The ICGEB SMART Fellowship programme promotes the mobility of researchers between ICGEB Member States as a way of enhancing skill development, acquisition of specific hands-on training in new technologies and increasing bilateral cooperation in science and technology, and should show clear evidence of strong collaboration between the two laboratories.","The call is open to nationals of ICGEB Member States and provides fellowships to scientists in the early stage of their career wishing to spend between 3 and 9 months at a research institution in an ICGEB Member State other than their own. SMART Fellowships are intended to promote collaboration among researchers in ICGEB Member countries. Mobility support to laboratories located in Italy, India and South Africa can be considered under exceptional circumstances and only if the research activity proposed is not covered by one of the ICGEB laboratories in Trieste, New Delhi or Cape Town. If the latter case applies, please see ICGEB Arturo Falaschi Short-term fellowships programme. There is no age limit.However, preference is given to young scientists at the beginning of their research career.Applicants should be either registered for a PhD or have obtained their PhD degree within the last 5 years and be actively working in a research Institution.Young scientists holding an MSc or equivalent can apply. SMART Fellowships support mobility between laboratories located in Member States. Awards are not intended to prolong visits begun under other auspices; to support participation in courses, workshops or symposia or as bridging fellowships between, or prior to, long term stays funded by ICGEB or other organizations.",31 MARCH 2022,fellowship,220211,ICGEB_220211_01_009
ICGEB-JNU PhD Fellowships,https://www.icgeb.org/fellowships/icgeb-jnu-phd-fellowships/,N,"The ICGEB-JNU PhD Programme is conducted in three streams: 1. Molecular Medicine, 2. Plant Biology and 3. Integrative Biology and is run exclusively at ICGEB New Delhi.","Candidates with: First class (60% or equivalent grade) M.Sc. in any branch of Science (e.g. Physics, Chemistry, Biology, Mathematics, etc.) or M.Tech. or M.B.B.S. or M.V.Sc. or M.Pharm. or equivalent qualification recognized by Jawaharlal Nehru University (JNU), New Delhi, and have cleared any one of the following examinations: DBT (I), CSIR, UGC, ICMR, BINC, or any other equivalent Junior Research Fellowship (JRF) examination and fellowships valid for at least four years are eligible to apply.Candidates appearing for the qualifying examination in the same year may also apply; they will be admitted provisionally pending satisfactory fulfillment of the above requirements at the time of joining.Candidates with only GATE and DBT (II) are NOT eligible. ",MAY 2022,fellowship,220211,ICGEB_220211_01_010
WE-STAR Fellowships,https://www.icgeb.org/fellowships/we-star-fellowships/,N,"Early-career women scientists from the African Continent, mobility fellowships of 6 to 12 months at the ICGEB laboratories in Trieste (Italy), New Delhi (India) and Cape Town (South Africa), to perform research work on biotechnology and related fields, including Health, Sustainable and Effective Agriculture, Industrial Biotechnology and Renewable Energy.","– Applicants must be nationals of ICGEB Member States in the African Continent*– Applicants may not apply for fellowships to be undertaken in their country of origin unless working abroad at the time of application– Pre-docs having completed their university degree and enrolled in a PhD course, as well as postdoctoral researchers having completed their PhD or equivalent may apply. Tentatively, 5 – Pre-doc and 5 post-doc fellowships will be awarded.– No age limit applies, but preference will be given to candidates below the age of 45– Good working knowledge of English is mandatory",14 FEBRUARY 2022,fellowship,220211,ICGEB_220211_01_011
