not_titulo,link,not_texto,atualizacao,codigo
Senegal names Parc National de la Langue de Barbarie as its ninth Wetland of International Importance,https://www.ramsar.org/news/senegal-names-parc-national-de-la-langue-de-barbarie-as-its-ninth-wetland-of-international,Senegal names Parc National de la Langue de Barbarie as its ninth Wetland of International Importance,220211,ramsar_220211_2_000
India names two new Wetlands of International Importance,https://www.ramsar.org/news/india-names-two-new-wetlands-of-international-importance,India names two new Wetlands of International Importance,220211,ramsar_220211_2_001
South Africa names Berg Estuary Ramsar Site as a Wetland of International Importance,https://www.ramsar.org/news/south-africa-names-berg-estuary-ramsar-site-as-a-wetland-of-international-importance,South Africa names Berg Estuary Ramsar Site as a Wetland of International Importance,220211,ramsar_220211_2_002
Nagao Wetland Fund: Call for Applications,https://www.ramsar.org/news/nagao-wetland-fund-call-for-applications-2,Nagao Wetland Fund: Call for Applications,220211,ramsar_220211_2_003
World Wetlands Day 2022: Wetlands actions for people and nature,https://www.ramsar.org/news/world-wetlands-day-2022-wetlands-actions-for-people-and-nature,World Wetlands Day 2022: Wetlands actions for people and nature,220211,ramsar_220211_2_004
"Statement by Martha Rojas Urrego, Secretary General of the Convention on Wetlands on World Wetlands Day 2 February 2022",https://www.ramsar.org/news/statement-by-martha-rojas-urrego-secretary-general-of-the-convention-on-wetlands-on-world-1,"Statement by Martha Rojas Urrego, Secretary General of the Convention on Wetlands on World Wetlands Day 2 February 2022",220211,ramsar_220211_2_005
The Global Wetland Outlook: Special Edition 2021 highlights the importance of wetland services for sustainable development,https://www.ramsar.org/news/the-global-wetland-outlook-special-edition-2021-highlights-the-importance-of-wetland-services,The Global Wetland Outlook: Special Edition 2021 highlights the importance of wetland services for sustainable development,220211,ramsar_220211_2_006
Wetlands of International Importance for the protection of marine turtles: expert report (2nd edition),https://www.ramsar.org/news/wetlands-of-international-importance-for-the-protection-of-marine-turtles-expert-report-2nd,Wetlands of International Importance for the protection of marine turtles: expert report (2nd edition),220211,ramsar_220211_2_007
India adds Haiderpur Wetland to the List of Wetlands of International Importance,https://www.ramsar.org/news/india-adds-haiderpur-wetland-to-the-list-of-wetlands-of-international-importance,India adds Haiderpur Wetland to the List of Wetlands of International Importance,220211,ramsar_220211_2_008
Japan adds Izumi Wintering Habitat of Cranes to the List of Wetlands of International Importance,https://www.ramsar.org/news/japan-adds-izumi-wintering-habitat-of-cranes-to-the-list-of-wetlands-of-international,Japan adds Izumi Wintering Habitat of Cranes to the List of Wetlands of International Importance,220211,ramsar_220211_2_009
Argentina extends the boundaries of the Parque Nacional Ciervo de los Pantanos,https://www.ramsar.org/news/argentina-extends-the-boundaries-of-the-parque-nacional-ciervo-de-los-pantanos,Argentina extends the boundaries of the Parque Nacional Ciervo de los Pantanos,220211,ramsar_220211_2_010
Jamaica extends the boundaries of Black River Lower Morass,https://www.ramsar.org/news/jamaica-extends-the-boundaries-of-black-river-lower-morass,Jamaica extends the boundaries of Black River Lower Morass,220211,ramsar_220211_2_011
Honduras extends the boundaries of three Wetlands of International Importance,https://www.ramsar.org/news/honduras-extends-the-boundaries-of-three-wetlands-of-international-importance,Honduras extends the boundaries of three Wetlands of International Importance,220211,ramsar_220211_2_012
Third Extraordinary COP concluded today with important decisions for the Convention,https://www.ramsar.org/news/third-extraordinary-cop-concluded-today-with-important-decisions-for-the-convention,Third Extraordinary COP concluded today with important decisions for the Convention,220211,ramsar_220211_2_013
Sistema de Humedales de la Isla de Guanaja recognized as Honduras’ 12th Wetland of International Importance,https://www.ramsar.org/news/sistema-de-humedales-de-la-isla-de-guanaja-recognized-as-honduras-12th-wetland-of-international,Sistema de Humedales de la Isla de Guanaja recognized as Honduras’ 12th Wetland of International Importance,220211,ramsar_220211_2_014
Le Pinail: France’s 52nd Wetland of International Importance,https://www.ramsar.org/news/le-pinail-frances-52nd-wetland-of-international-importance,Le Pinail: France’s 52nd Wetland of International Importance,220211,ramsar_220211_2_015
Regional preparations for the Third Extraordinary COP,https://www.ramsar.org/news/regional-preparations-for-the-third-extraordinary-cop,Regional preparations for the Third Extraordinary COP,220211,ramsar_220211_2_016
Angola becomes the 172nd Party to the Convention,https://www.ramsar.org/news/angola-becomes-the-172nd-party-to-the-convention,Angola becomes the 172nd Party to the Convention,220211,ramsar_220211_2_017
The Netherlands extends its protected wetlands on Bonaire,https://www.ramsar.org/news/the-netherlands-extends-its-protected-wetlands-on-bonaire,The Netherlands extends its protected wetlands on Bonaire,220211,ramsar_220211_2_018
Request for proposals,https://www.ramsar.org/news/request-for-proposals,Request for proposals,220211,ramsar_220211_2_019
